SET session_replication_role = replica;

--
-- PostgreSQL database dump
--

-- \restrict ZJ4w3DrtEaddEVagF6WHuGePwde9f5iA9n1UCSKGwTYEAxUXDxtqeXQnEA0fBdp

-- Dumped from database version 17.6
-- Dumped by pg_dump version 17.6

SET statement_timeout = 0;
SET lock_timeout = 0;
SET idle_in_transaction_session_timeout = 0;
SET transaction_timeout = 0;
SET client_encoding = 'UTF8';
SET standard_conforming_strings = on;
SELECT pg_catalog.set_config('search_path', '', false);
SET check_function_bodies = false;
SET xmloption = content;
SET client_min_messages = warning;
SET row_security = off;

--
-- Data for Name: clubs; Type: TABLE DATA; Schema: public; Owner: postgres
--

INSERT INTO "public"."clubs" ("id", "name", "logo_url", "created_by", "created_at", "updated_at") VALUES
	('17492ff1-1bc4-416d-90d6-d99ceee5393c', 'Wivenhoe Wanderers FC', 'https://crmlmnhillnnrnrxqera.supabase.co/storage/v1/object/public/club-assets/club-logos/17492ff1-1bc4-416d-90d6-d99ceee5393c/logo.jpg', 'd0ab792f-2519-45a9-9ee0-74467fd51039', '2025-08-30 00:01:55.476273+00', '2025-08-30 00:02:07.73465+00');


--
-- Data for Name: club_members; Type: TABLE DATA; Schema: public; Owner: postgres
--

INSERT INTO "public"."club_members" ("id", "club_id", "user_id", "role", "created_at") VALUES
	('22eff0c6-8c12-4aa9-8ce0-b5947b1bc898', '17492ff1-1bc4-416d-90d6-d99ceee5393c', 'd0ab792f-2519-45a9-9ee0-74467fd51039', 'admin', '2025-08-30 00:01:55.476273+00');


--
-- Data for Name: teams; Type: TABLE DATA; Schema: public; Owner: postgres
--

INSERT INTO "public"."teams" ("id", "club_id", "name", "team_type", "created_at", "updated_at") VALUES
	('e3cb7a04-3e3c-4b9a-bc6d-48f07d1e82b3', '17492ff1-1bc4-416d-90d6-d99ceee5393c', 'Blues', '7-a-side', '2025-08-30 00:06:28.796525+00', '2025-08-30 00:06:28.796525+00'),
	('07cbb873-09ef-4d46-bc1e-8764c252385e', '17492ff1-1bc4-416d-90d6-d99ceee5393c', 'Oranges', '7-a-side', '2025-09-05 20:48:39.984887+00', '2025-09-05 20:48:39.984887+00'),
	('2f7fe562-76d8-46fa-bbd5-2f443c169368', '17492ff1-1bc4-416d-90d6-d99ceee5393c', 'Reds', '7-a-side', '2025-09-14 09:29:15.847058+00', '2025-09-14 09:29:15.847058+00'),
	('f99c7226-486d-4d5e-8771-ecc36794f6d8', '17492ff1-1bc4-416d-90d6-d99ceee5393c', 'Yellows', '7-a-side', '2025-09-14 09:29:25.961961+00', '2025-09-14 09:29:25.961961+00');


--
-- Data for Name: fixtures; Type: TABLE DATA; Schema: public; Owner: postgres
--

INSERT INTO "public"."fixtures" ("id", "team_id", "opponent_name", "fixture_type", "location", "scheduled_date", "half_length", "status", "created_at", "updated_at", "selected_squad_data", "competition_type", "competition_name", "match_status", "current_period_id", "match_state", "is_retrospective", "active_tracker_id", "tracking_started_at", "last_activity_at") VALUES
	('b57ad2bd-197d-4bc2-8f3f-62d889c1a942', 'e3cb7a04-3e3c-4b9a-bc6d-48f07d1e82b3', 'Test B', 'home', NULL, '2025-09-30 17:00:00+00', 25, 'in_progress', '2025-09-29 21:32:12.099985+00', '2025-09-29 23:39:36.233146+00', '{"savedAt": "2025-09-29T21:32:28.599Z", "substitutes": [{"id": "f75ca56f-1b41-4790-b51f-db03fcbc6019", "last_name": "Greenley", "first_name": "Preston", "jersey_number": null}, {"id": "30f6696e-c3fc-42f7-bf6c-5397deb845b4", "last_name": "Skerritt", "first_name": "Albie", "jersey_number": null}, {"id": "56d82f9c-37b2-498d-92cd-f9eee715f5ac", "last_name": "Williams-Howitt", "first_name": "River", "jersey_number": null}, {"id": "35bcf347-e1ff-449d-857b-2c63593d4fca", "last_name": "Wiffen", "first_name": "Farris", "jersey_number": null}], "startingLineup": [{"id": "008abe38-1643-4d0f-a363-2a16337d5d88", "last_name": "Hodgkins", "first_name": "Edward", "jersey_number": null}, {"id": "110639f1-9c45-40f6-9a00-389b2032f903", "last_name": "Knight", "first_name": "Fearnley", "jersey_number": null}, {"id": "0e12e99c-7afc-4c49-9af8-4ffe5e601186", "last_name": "Lavin", "first_name": "Ardan", "jersey_number": null}, {"id": "9157b3c0-0dd4-4d8d-9cbf-852b997a81e8", "last_name": "Martin", "first_name": "Albie", "jersey_number": null}, {"id": "0c7dddc8-5826-4cb6-aa1f-05deb1a8567b", "last_name": "Tomkinson", "first_name": "Rex", "jersey_number": null}, {"id": "b7547d3d-2509-4b29-aad3-76270891b4c6", "last_name": "Webb", "first_name": "Archie", "jersey_number": null}, {"id": "41cc160a-2786-4292-a496-27439ba9ffe2", "last_name": "Wilson", "first_name": "Llewyn", "jersey_number": null}], "selectedPlayerIds": ["f75ca56f-1b41-4790-b51f-db03fcbc6019", "008abe38-1643-4d0f-a363-2a16337d5d88", "110639f1-9c45-40f6-9a00-389b2032f903", "0e12e99c-7afc-4c49-9af8-4ffe5e601186", "9157b3c0-0dd4-4d8d-9cbf-852b997a81e8", "30f6696e-c3fc-42f7-bf6c-5397deb845b4", "0c7dddc8-5826-4cb6-aa1f-05deb1a8567b", "b7547d3d-2509-4b29-aad3-76270891b4c6", "41cc160a-2786-4292-a496-27439ba9ffe2", "56d82f9c-37b2-498d-92cd-f9eee715f5ac", "35bcf347-e1ff-449d-857b-2c63593d4fca"], "startingPlayerIds": ["008abe38-1643-4d0f-a363-2a16337d5d88", "110639f1-9c45-40f6-9a00-389b2032f903", "0e12e99c-7afc-4c49-9af8-4ffe5e601186", "41cc160a-2786-4292-a496-27439ba9ffe2", "9157b3c0-0dd4-4d8d-9cbf-852b997a81e8", "b7547d3d-2509-4b29-aad3-76270891b4c6", "0c7dddc8-5826-4cb6-aa1f-05deb1a8567b"]}', 'friendly', NULL, 'in_progress', '21ce61b7-c45b-49c7-b72b-3b86a077148a', '{"status": "in_progress", "total_time_seconds": 3131}', false, 'd0ab792f-2519-45a9-9ee0-74467fd51039', '2025-09-29 22:50:31.960494+00', '2025-09-29 23:39:36.233146+00'),
	('42de9aae-ab4e-43af-99d2-6a14a78e747f', '07cbb873-09ef-4d46-bc1e-8764c252385e', 'Test A', 'home', NULL, '2025-09-17 17:00:00+00', 25, 'completed', '2025-09-17 14:41:57.320704+00', '2025-09-17 14:46:01.118184+00', '{"savedAt": "2025-09-17T14:42:22.991Z", "substitutes": [{"id": "340b28ee-f946-4a43-aeed-89812402c82c", "last_name": "Bareham", "first_name": "Charlie", "jersey_number": null}, {"id": "30f6696e-c3fc-42f7-bf6c-5397deb845b4", "last_name": "Skerritt", "first_name": "Albie", "jersey_number": null}, {"id": "b7547d3d-2509-4b29-aad3-76270891b4c6", "last_name": "Webb", "first_name": "Archie", "jersey_number": null}, {"id": "35bcf347-e1ff-449d-857b-2c63593d4fca", "last_name": "Wiffen", "first_name": "Farris", "jersey_number": null}, {"id": "56d82f9c-37b2-498d-92cd-f9eee715f5ac", "last_name": "Williams-Howitt", "first_name": "River", "jersey_number": null}], "startingLineup": [{"id": "c24d0fe6-66a8-4448-b85a-8cf453f8e5ef", "last_name": "Drennan", "first_name": "Luca", "jersey_number": null}, {"id": "24d7cfa3-46b3-450f-88d7-a489fff13f72", "last_name": "Goddard", "first_name": "Henry", "jersey_number": null}, {"id": "f75ca56f-1b41-4790-b51f-db03fcbc6019", "last_name": "Greenley", "first_name": "Preston", "jersey_number": null}, {"id": "110639f1-9c45-40f6-9a00-389b2032f903", "last_name": "Knight", "first_name": "Fearnley", "jersey_number": null}, {"id": "0e12e99c-7afc-4c49-9af8-4ffe5e601186", "last_name": "Lavin", "first_name": "Ardan", "jersey_number": null}, {"id": "9157b3c0-0dd4-4d8d-9cbf-852b997a81e8", "last_name": "Martin", "first_name": "Albie", "jersey_number": null}, {"id": "0c7dddc8-5826-4cb6-aa1f-05deb1a8567b", "last_name": "Tomkinson", "first_name": "Rex", "jersey_number": null}], "selectedPlayerIds": ["340b28ee-f946-4a43-aeed-89812402c82c", "c24d0fe6-66a8-4448-b85a-8cf453f8e5ef", "24d7cfa3-46b3-450f-88d7-a489fff13f72", "f75ca56f-1b41-4790-b51f-db03fcbc6019", "110639f1-9c45-40f6-9a00-389b2032f903", "0e12e99c-7afc-4c49-9af8-4ffe5e601186", "9157b3c0-0dd4-4d8d-9cbf-852b997a81e8", "30f6696e-c3fc-42f7-bf6c-5397deb845b4", "0c7dddc8-5826-4cb6-aa1f-05deb1a8567b", "b7547d3d-2509-4b29-aad3-76270891b4c6", "35bcf347-e1ff-449d-857b-2c63593d4fca", "56d82f9c-37b2-498d-92cd-f9eee715f5ac"], "startingPlayerIds": ["c24d0fe6-66a8-4448-b85a-8cf453f8e5ef", "24d7cfa3-46b3-450f-88d7-a489fff13f72", "f75ca56f-1b41-4790-b51f-db03fcbc6019", "110639f1-9c45-40f6-9a00-389b2032f903", "0e12e99c-7afc-4c49-9af8-4ffe5e601186", "9157b3c0-0dd4-4d8d-9cbf-852b997a81e8", "0c7dddc8-5826-4cb6-aa1f-05deb1a8567b"]}', 'friendly', NULL, 'completed', NULL, '{"status": "completed", "total_time_seconds": 206}', false, NULL, NULL, NULL),
	('af63e045-5a53-436c-9532-c8e538fa13c3', 'e3cb7a04-3e3c-4b9a-bc6d-48f07d1e82b3', 'Test A', 'home', 'Shrub End', '2025-09-17 17:30:00+00', 25, 'completed', '2025-09-17 14:30:41.442599+00', '2025-09-17 14:48:50.456487+00', '{"savedAt": "2025-09-17T14:30:50.122Z", "substitutes": [{"id": "340b28ee-f946-4a43-aeed-89812402c82c", "last_name": "Bareham", "first_name": "Charlie", "jersey_number": null}, {"id": "0c7dddc8-5826-4cb6-aa1f-05deb1a8567b", "last_name": "Tomkinson", "first_name": "Rex", "jersey_number": null}, {"id": "b7547d3d-2509-4b29-aad3-76270891b4c6", "last_name": "Webb", "first_name": "Archie", "jersey_number": null}], "startingLineup": [{"id": "c24d0fe6-66a8-4448-b85a-8cf453f8e5ef", "last_name": "Drennan", "first_name": "Luca", "jersey_number": null}, {"id": "f75ca56f-1b41-4790-b51f-db03fcbc6019", "last_name": "Greenley", "first_name": "Preston", "jersey_number": null}, {"id": "008abe38-1643-4d0f-a363-2a16337d5d88", "last_name": "Hodgkins", "first_name": "Edward", "jersey_number": null}, {"id": "110639f1-9c45-40f6-9a00-389b2032f903", "last_name": "Knight", "first_name": "Fearnley", "jersey_number": null}, {"id": "0e12e99c-7afc-4c49-9af8-4ffe5e601186", "last_name": "Lavin", "first_name": "Ardan", "jersey_number": null}, {"id": "9157b3c0-0dd4-4d8d-9cbf-852b997a81e8", "last_name": "Martin", "first_name": "Albie", "jersey_number": null}, {"id": "30f6696e-c3fc-42f7-bf6c-5397deb845b4", "last_name": "Skerritt", "first_name": "Albie", "jersey_number": null}], "selectedPlayerIds": ["340b28ee-f946-4a43-aeed-89812402c82c", "c24d0fe6-66a8-4448-b85a-8cf453f8e5ef", "f75ca56f-1b41-4790-b51f-db03fcbc6019", "008abe38-1643-4d0f-a363-2a16337d5d88", "110639f1-9c45-40f6-9a00-389b2032f903", "0e12e99c-7afc-4c49-9af8-4ffe5e601186", "9157b3c0-0dd4-4d8d-9cbf-852b997a81e8", "30f6696e-c3fc-42f7-bf6c-5397deb845b4", "0c7dddc8-5826-4cb6-aa1f-05deb1a8567b", "b7547d3d-2509-4b29-aad3-76270891b4c6"], "startingPlayerIds": ["30f6696e-c3fc-42f7-bf6c-5397deb845b4", "9157b3c0-0dd4-4d8d-9cbf-852b997a81e8", "0e12e99c-7afc-4c49-9af8-4ffe5e601186", "110639f1-9c45-40f6-9a00-389b2032f903", "008abe38-1643-4d0f-a363-2a16337d5d88", "f75ca56f-1b41-4790-b51f-db03fcbc6019", "c24d0fe6-66a8-4448-b85a-8cf453f8e5ef"]}', 'friendly', NULL, 'completed', NULL, '{"status": "completed", "total_time_seconds": 635}', false, NULL, NULL, NULL),
	('6fca434a-8476-4409-987b-29b8cb8590a3', '07cbb873-09ef-4d46-bc1e-8764c252385e', 'Test A', 'home', NULL, '2025-09-27 10:00:00+00', 25, 'completed', '2025-09-27 00:28:10.858952+00', '2025-09-27 00:29:18.091862+00', '{"savedAt": "2025-09-27T00:28:36.671Z", "substitutes": [{"id": "9157b3c0-0dd4-4d8d-9cbf-852b997a81e8", "last_name": "Martin", "first_name": "Albie", "jersey_number": null}, {"id": "0c7dddc8-5826-4cb6-aa1f-05deb1a8567b", "last_name": "Tomkinson", "first_name": "Rex", "jersey_number": null}, {"id": "b7547d3d-2509-4b29-aad3-76270891b4c6", "last_name": "Webb", "first_name": "Archie", "jersey_number": null}], "startingLineup": [{"id": "c24d0fe6-66a8-4448-b85a-8cf453f8e5ef", "last_name": "D", "first_name": "Luca", "jersey_number": null}, {"id": "f75ca56f-1b41-4790-b51f-db03fcbc6019", "last_name": "Greenley", "first_name": "Preston", "jersey_number": null}, {"id": "110639f1-9c45-40f6-9a00-389b2032f903", "last_name": "Knight", "first_name": "Fearnley", "jersey_number": null}, {"id": "0e12e99c-7afc-4c49-9af8-4ffe5e601186", "last_name": "Lavin", "first_name": "Ardan", "jersey_number": null}, {"id": "9053530f-68c0-4351-a6d5-8736fe5a69a0", "last_name": "P", "first_name": "Alessandro", "jersey_number": null}, {"id": "30f6696e-c3fc-42f7-bf6c-5397deb845b4", "last_name": "Skerritt", "first_name": "Albie", "jersey_number": null}, {"id": "35bcf347-e1ff-449d-857b-2c63593d4fca", "last_name": "Wiffen", "first_name": "Farris", "jersey_number": null}], "selectedPlayerIds": ["c24d0fe6-66a8-4448-b85a-8cf453f8e5ef", "f75ca56f-1b41-4790-b51f-db03fcbc6019", "110639f1-9c45-40f6-9a00-389b2032f903", "0e12e99c-7afc-4c49-9af8-4ffe5e601186", "9157b3c0-0dd4-4d8d-9cbf-852b997a81e8", "9053530f-68c0-4351-a6d5-8736fe5a69a0", "30f6696e-c3fc-42f7-bf6c-5397deb845b4", "0c7dddc8-5826-4cb6-aa1f-05deb1a8567b", "b7547d3d-2509-4b29-aad3-76270891b4c6", "35bcf347-e1ff-449d-857b-2c63593d4fca"], "startingPlayerIds": ["c24d0fe6-66a8-4448-b85a-8cf453f8e5ef", "f75ca56f-1b41-4790-b51f-db03fcbc6019", "110639f1-9c45-40f6-9a00-389b2032f903", "0e12e99c-7afc-4c49-9af8-4ffe5e601186", "9053530f-68c0-4351-a6d5-8736fe5a69a0", "30f6696e-c3fc-42f7-bf6c-5397deb845b4", "35bcf347-e1ff-449d-857b-2c63593d4fca"]}', 'friendly', NULL, 'completed', NULL, '{"status": "completed", "total_time_seconds": 29}', false, NULL, NULL, NULL),
	('b2c85af0-e040-429b-ad0e-9de425dad88f', 'e3cb7a04-3e3c-4b9a-bc6d-48f07d1e82b3', 'Test E', 'home', NULL, '2025-09-20 13:20:00+00', 25, 'completed', '2025-09-17 13:21:01.414762+00', '2025-09-17 13:59:28.444988+00', '{"savedAt": "2025-09-17T13:21:20.284Z", "substitutes": [{"id": "340b28ee-f946-4a43-aeed-89812402c82c", "last_name": "Bareham", "first_name": "Charlie", "jersey_number": null}, {"id": "0c7dddc8-5826-4cb6-aa1f-05deb1a8567b", "last_name": "Tomkinson", "first_name": "Rex", "jersey_number": null}, {"id": "b7547d3d-2509-4b29-aad3-76270891b4c6", "last_name": "Webb", "first_name": "Archie", "jersey_number": null}], "startingLineup": [{"id": "c24d0fe6-66a8-4448-b85a-8cf453f8e5ef", "last_name": "Drennan", "first_name": "Luca", "jersey_number": null}, {"id": "f75ca56f-1b41-4790-b51f-db03fcbc6019", "last_name": "Greenley", "first_name": "Preston", "jersey_number": null}, {"id": "008abe38-1643-4d0f-a363-2a16337d5d88", "last_name": "Hodgkins", "first_name": "Edward", "jersey_number": null}, {"id": "110639f1-9c45-40f6-9a00-389b2032f903", "last_name": "Knight", "first_name": "Fearnley", "jersey_number": null}, {"id": "0e12e99c-7afc-4c49-9af8-4ffe5e601186", "last_name": "Lavin", "first_name": "Ardan", "jersey_number": null}, {"id": "9157b3c0-0dd4-4d8d-9cbf-852b997a81e8", "last_name": "Martin", "first_name": "Albie", "jersey_number": null}, {"id": "30f6696e-c3fc-42f7-bf6c-5397deb845b4", "last_name": "Skerritt", "first_name": "Albie", "jersey_number": null}], "selectedPlayerIds": ["340b28ee-f946-4a43-aeed-89812402c82c", "c24d0fe6-66a8-4448-b85a-8cf453f8e5ef", "f75ca56f-1b41-4790-b51f-db03fcbc6019", "008abe38-1643-4d0f-a363-2a16337d5d88", "110639f1-9c45-40f6-9a00-389b2032f903", "0e12e99c-7afc-4c49-9af8-4ffe5e601186", "9157b3c0-0dd4-4d8d-9cbf-852b997a81e8", "30f6696e-c3fc-42f7-bf6c-5397deb845b4", "0c7dddc8-5826-4cb6-aa1f-05deb1a8567b", "b7547d3d-2509-4b29-aad3-76270891b4c6"], "startingPlayerIds": ["30f6696e-c3fc-42f7-bf6c-5397deb845b4", "9157b3c0-0dd4-4d8d-9cbf-852b997a81e8", "0e12e99c-7afc-4c49-9af8-4ffe5e601186", "110639f1-9c45-40f6-9a00-389b2032f903", "008abe38-1643-4d0f-a363-2a16337d5d88", "f75ca56f-1b41-4790-b51f-db03fcbc6019", "c24d0fe6-66a8-4448-b85a-8cf453f8e5ef"]}', 'friendly', NULL, 'completed', NULL, '{"status": "completed", "total_time_seconds": 422}', false, NULL, NULL, NULL),
	('1101fdad-005c-4c54-8255-c2ec68381dc1', 'e3cb7a04-3e3c-4b9a-bc6d-48f07d1e82b3', 'Test', 'home', NULL, '2025-09-20 12:00:00+00', 25, 'completed', '2025-09-19 12:11:32.443243+00', '2025-09-19 12:32:10.71831+00', NULL, 'friendly', NULL, 'completed', NULL, '{"status": "completed", "total_time_seconds": 42}', false, NULL, NULL, NULL),
	('8108804e-9973-4918-abd5-b86bf1bada8d', 'e3cb7a04-3e3c-4b9a-bc6d-48f07d1e82b3', 'Test', 'home', NULL, '2025-09-25 16:30:00+00', 25, 'completed', '2025-09-25 12:34:43.399771+00', '2025-09-25 12:35:42.181204+00', '{"savedAt": "2025-09-25T12:35:13.583Z", "substitutes": [{"id": "340b28ee-f946-4a43-aeed-89812402c82c", "last_name": "B", "first_name": "Charlie", "jersey_number": null}, {"id": "0c7dddc8-5826-4cb6-aa1f-05deb1a8567b", "last_name": "Tomkinson", "first_name": "Rex", "jersey_number": null}], "startingLineup": [{"id": "c24d0fe6-66a8-4448-b85a-8cf453f8e5ef", "last_name": "D", "first_name": "Luca", "jersey_number": null}, {"id": "f75ca56f-1b41-4790-b51f-db03fcbc6019", "last_name": "Greenley", "first_name": "Preston", "jersey_number": null}, {"id": "008abe38-1643-4d0f-a363-2a16337d5d88", "last_name": "Hodgkins", "first_name": "Edward", "jersey_number": null}, {"id": "110639f1-9c45-40f6-9a00-389b2032f903", "last_name": "Knight", "first_name": "Fearnley", "jersey_number": null}, {"id": "0e12e99c-7afc-4c49-9af8-4ffe5e601186", "last_name": "Lavin", "first_name": "Ardan", "jersey_number": null}, {"id": "9157b3c0-0dd4-4d8d-9cbf-852b997a81e8", "last_name": "Martin", "first_name": "Albie", "jersey_number": null}, {"id": "30f6696e-c3fc-42f7-bf6c-5397deb845b4", "last_name": "Skerritt", "first_name": "Albie", "jersey_number": null}], "selectedPlayerIds": ["340b28ee-f946-4a43-aeed-89812402c82c", "c24d0fe6-66a8-4448-b85a-8cf453f8e5ef", "f75ca56f-1b41-4790-b51f-db03fcbc6019", "008abe38-1643-4d0f-a363-2a16337d5d88", "110639f1-9c45-40f6-9a00-389b2032f903", "0e12e99c-7afc-4c49-9af8-4ffe5e601186", "9157b3c0-0dd4-4d8d-9cbf-852b997a81e8", "30f6696e-c3fc-42f7-bf6c-5397deb845b4", "0c7dddc8-5826-4cb6-aa1f-05deb1a8567b"], "startingPlayerIds": ["30f6696e-c3fc-42f7-bf6c-5397deb845b4", "9157b3c0-0dd4-4d8d-9cbf-852b997a81e8", "0e12e99c-7afc-4c49-9af8-4ffe5e601186", "110639f1-9c45-40f6-9a00-389b2032f903", "008abe38-1643-4d0f-a363-2a16337d5d88", "f75ca56f-1b41-4790-b51f-db03fcbc6019", "c24d0fe6-66a8-4448-b85a-8cf453f8e5ef"]}', 'friendly', NULL, 'completed', NULL, '{"status": "completed", "total_time_seconds": 19}', false, NULL, NULL, NULL),
	('22a75bb5-6c36-4e24-b0c5-9df15adbdb98', '07cbb873-09ef-4d46-bc1e-8764c252385e', 'Bowers & Pitsea', 'home', 'Heybridge Swifts', '2025-09-27 10:45:00+00', 25, 'completed', '2025-09-27 00:25:32.435364+00', '2025-09-28 00:00:44.050048+00', '{"savedAt": "2025-09-27T10:46:35.379Z", "substitutes": [{"id": "b7547d3d-2509-4b29-aad3-76270891b4c6", "last_name": "Webb", "first_name": "Archie", "jersey_number": null}, {"id": "0e12e99c-7afc-4c49-9af8-4ffe5e601186", "last_name": "Lavin", "first_name": "Ardan", "jersey_number": null}], "startingLineup": [{"id": "0c7dddc8-5826-4cb6-aa1f-05deb1a8567b", "last_name": "Tomkinson", "first_name": "Rex", "jersey_number": null}, {"id": "35bcf347-e1ff-449d-857b-2c63593d4fca", "last_name": "Wiffen", "first_name": "Farris", "jersey_number": null}, {"id": "9157b3c0-0dd4-4d8d-9cbf-852b997a81e8", "last_name": "Martin", "first_name": "Albie", "jersey_number": null}, {"id": "f75ca56f-1b41-4790-b51f-db03fcbc6019", "last_name": "Greenley", "first_name": "Preston", "jersey_number": null}, {"id": "110639f1-9c45-40f6-9a00-389b2032f903", "last_name": "Knight", "first_name": "Fearnley", "jersey_number": null}, {"id": "9053530f-68c0-4351-a6d5-8736fe5a69a0", "last_name": "P", "first_name": "Alessandro", "jersey_number": null}, {"id": "c24d0fe6-66a8-4448-b85a-8cf453f8e5ef", "last_name": "D", "first_name": "Luca", "jersey_number": null}], "selectedPlayerIds": ["b7547d3d-2509-4b29-aad3-76270891b4c6", "0c7dddc8-5826-4cb6-aa1f-05deb1a8567b", "35bcf347-e1ff-449d-857b-2c63593d4fca", "9157b3c0-0dd4-4d8d-9cbf-852b997a81e8", "f75ca56f-1b41-4790-b51f-db03fcbc6019", "110639f1-9c45-40f6-9a00-389b2032f903", "0e12e99c-7afc-4c49-9af8-4ffe5e601186", "9053530f-68c0-4351-a6d5-8736fe5a69a0", "c24d0fe6-66a8-4448-b85a-8cf453f8e5ef"], "startingPlayerIds": ["9053530f-68c0-4351-a6d5-8736fe5a69a0", "9157b3c0-0dd4-4d8d-9cbf-852b997a81e8", "0c7dddc8-5826-4cb6-aa1f-05deb1a8567b", "35bcf347-e1ff-449d-857b-2c63593d4fca", "110639f1-9c45-40f6-9a00-389b2032f903", "f75ca56f-1b41-4790-b51f-db03fcbc6019", "c24d0fe6-66a8-4448-b85a-8cf453f8e5ef"]}', 'league', 'JPL', 'completed', NULL, '{"status": "completed", "total_time_seconds": 508}', false, 'd0ab792f-2519-45a9-9ee0-74467fd51039', '2025-09-27 23:50:39.968791+00', '2025-09-28 00:00:31.964289+00'),
	('a4af647e-db9b-43f3-8cfe-eaec322002f3', 'e3cb7a04-3e3c-4b9a-bc6d-48f07d1e82b3', 'Test B', 'home', NULL, '2025-09-16 17:00:00+00', 25, 'completed', '2025-09-16 14:08:13.688987+00', '2025-09-16 14:49:22.946455+00', '{"savedAt": "2025-09-16T14:08:34.868Z", "substitutes": [{"id": "30f6696e-c3fc-42f7-bf6c-5397deb845b4", "last_name": "Skerritt", "first_name": "Albie", "jersey_number": null}, {"id": "0c7dddc8-5826-4cb6-aa1f-05deb1a8567b", "last_name": "Tomkinson", "first_name": "Rex", "jersey_number": null}, {"id": "b7547d3d-2509-4b29-aad3-76270891b4c6", "last_name": "Webb", "first_name": "Archie", "jersey_number": null}], "startingLineup": [{"id": "c24d0fe6-66a8-4448-b85a-8cf453f8e5ef", "last_name": "Drennan", "first_name": "Luca", "jersey_number": null}, {"id": "f75ca56f-1b41-4790-b51f-db03fcbc6019", "last_name": "Greenley", "first_name": "Preston", "jersey_number": null}, {"id": "340b28ee-f946-4a43-aeed-89812402c82c", "last_name": "Bareham", "first_name": "Charlie", "jersey_number": null}, {"id": "008abe38-1643-4d0f-a363-2a16337d5d88", "last_name": "Hodgkins", "first_name": "Edward", "jersey_number": null}, {"id": "110639f1-9c45-40f6-9a00-389b2032f903", "last_name": "Knight", "first_name": "Fearnley", "jersey_number": null}, {"id": "0e12e99c-7afc-4c49-9af8-4ffe5e601186", "last_name": "Lavin", "first_name": "Ardan", "jersey_number": null}, {"id": "9157b3c0-0dd4-4d8d-9cbf-852b997a81e8", "last_name": "Martin", "first_name": "Albie", "jersey_number": null}], "selectedPlayerIds": ["c24d0fe6-66a8-4448-b85a-8cf453f8e5ef", "f75ca56f-1b41-4790-b51f-db03fcbc6019", "340b28ee-f946-4a43-aeed-89812402c82c", "008abe38-1643-4d0f-a363-2a16337d5d88", "110639f1-9c45-40f6-9a00-389b2032f903", "0e12e99c-7afc-4c49-9af8-4ffe5e601186", "9157b3c0-0dd4-4d8d-9cbf-852b997a81e8", "30f6696e-c3fc-42f7-bf6c-5397deb845b4", "0c7dddc8-5826-4cb6-aa1f-05deb1a8567b", "b7547d3d-2509-4b29-aad3-76270891b4c6"], "startingPlayerIds": ["340b28ee-f946-4a43-aeed-89812402c82c", "c24d0fe6-66a8-4448-b85a-8cf453f8e5ef", "f75ca56f-1b41-4790-b51f-db03fcbc6019", "008abe38-1643-4d0f-a363-2a16337d5d88", "110639f1-9c45-40f6-9a00-389b2032f903", "0e12e99c-7afc-4c49-9af8-4ffe5e601186", "9157b3c0-0dd4-4d8d-9cbf-852b997a81e8"]}', 'friendly', NULL, 'completed', NULL, '{"status": "completed", "total_time_seconds": 1810}', false, 'd0ab792f-2519-45a9-9ee0-74467fd51039', '2025-09-16 14:35:21.09746+00', '2025-09-16 14:49:20.92351+00'),
	('60a3669d-af74-48c4-a10b-40f99a3423f9', 'e3cb7a04-3e3c-4b9a-bc6d-48f07d1e82b3', 'Test A', 'home', NULL, '2025-09-17 17:00:00+00', 25, 'completed', '2025-09-17 14:18:04.710441+00', '2025-09-17 14:21:30.929046+00', '{"savedAt": "2025-09-17T14:18:15.139Z", "substitutes": [{"id": "340b28ee-f946-4a43-aeed-89812402c82c", "last_name": "Bareham", "first_name": "Charlie", "jersey_number": null}, {"id": "0c7dddc8-5826-4cb6-aa1f-05deb1a8567b", "last_name": "Tomkinson", "first_name": "Rex", "jersey_number": null}, {"id": "b7547d3d-2509-4b29-aad3-76270891b4c6", "last_name": "Webb", "first_name": "Archie", "jersey_number": null}], "startingLineup": [{"id": "c24d0fe6-66a8-4448-b85a-8cf453f8e5ef", "last_name": "Drennan", "first_name": "Luca", "jersey_number": null}, {"id": "f75ca56f-1b41-4790-b51f-db03fcbc6019", "last_name": "Greenley", "first_name": "Preston", "jersey_number": null}, {"id": "008abe38-1643-4d0f-a363-2a16337d5d88", "last_name": "Hodgkins", "first_name": "Edward", "jersey_number": null}, {"id": "110639f1-9c45-40f6-9a00-389b2032f903", "last_name": "Knight", "first_name": "Fearnley", "jersey_number": null}, {"id": "0e12e99c-7afc-4c49-9af8-4ffe5e601186", "last_name": "Lavin", "first_name": "Ardan", "jersey_number": null}, {"id": "9157b3c0-0dd4-4d8d-9cbf-852b997a81e8", "last_name": "Martin", "first_name": "Albie", "jersey_number": null}, {"id": "30f6696e-c3fc-42f7-bf6c-5397deb845b4", "last_name": "Skerritt", "first_name": "Albie", "jersey_number": null}], "selectedPlayerIds": ["340b28ee-f946-4a43-aeed-89812402c82c", "c24d0fe6-66a8-4448-b85a-8cf453f8e5ef", "f75ca56f-1b41-4790-b51f-db03fcbc6019", "008abe38-1643-4d0f-a363-2a16337d5d88", "110639f1-9c45-40f6-9a00-389b2032f903", "0e12e99c-7afc-4c49-9af8-4ffe5e601186", "9157b3c0-0dd4-4d8d-9cbf-852b997a81e8", "30f6696e-c3fc-42f7-bf6c-5397deb845b4", "0c7dddc8-5826-4cb6-aa1f-05deb1a8567b", "b7547d3d-2509-4b29-aad3-76270891b4c6"], "startingPlayerIds": ["30f6696e-c3fc-42f7-bf6c-5397deb845b4", "9157b3c0-0dd4-4d8d-9cbf-852b997a81e8", "0e12e99c-7afc-4c49-9af8-4ffe5e601186", "110639f1-9c45-40f6-9a00-389b2032f903", "008abe38-1643-4d0f-a363-2a16337d5d88", "f75ca56f-1b41-4790-b51f-db03fcbc6019", "c24d0fe6-66a8-4448-b85a-8cf453f8e5ef"]}', 'friendly', NULL, 'completed', NULL, '{"status": "completed", "total_time_seconds": 184}', false, NULL, NULL, NULL),
	('f70547f4-4bbc-4f71-97dd-f808795c060f', 'e3cb7a04-3e3c-4b9a-bc6d-48f07d1e82b3', 'Bergholt Heath Blues', 'home', NULL, '2025-09-28 11:00:00+00', 25, 'completed', '2025-09-28 00:26:37.003983+00', '2025-09-28 11:56:38.532816+00', '{"savedAt": "2025-09-28T10:59:19.040Z", "substitutes": [{"id": "30f6696e-c3fc-42f7-bf6c-5397deb845b4", "last_name": "Skerritt", "first_name": "Albie", "jersey_number": null}, {"id": "f75ca56f-1b41-4790-b51f-db03fcbc6019", "last_name": "Greenley", "first_name": "Preston", "jersey_number": null}], "startingLineup": [{"id": "0c7dddc8-5826-4cb6-aa1f-05deb1a8567b", "last_name": "Tomkinson", "first_name": "Rex", "jersey_number": null}, {"id": "008abe38-1643-4d0f-a363-2a16337d5d88", "last_name": "Hodgkins", "first_name": "Edward", "jersey_number": null}, {"id": "110639f1-9c45-40f6-9a00-389b2032f903", "last_name": "Knight", "first_name": "Fearnley", "jersey_number": null}, {"id": "0e12e99c-7afc-4c49-9af8-4ffe5e601186", "last_name": "Lavin", "first_name": "Ardan", "jersey_number": null}, {"id": "b7547d3d-2509-4b29-aad3-76270891b4c6", "last_name": "Webb", "first_name": "Archie", "jersey_number": null}, {"id": "41cc160a-2786-4292-a496-27439ba9ffe2", "last_name": "Wilson", "first_name": "Llewyn", "jersey_number": null}, {"id": "9157b3c0-0dd4-4d8d-9cbf-852b997a81e8", "last_name": "Martin", "first_name": "Albie", "jersey_number": null}], "selectedPlayerIds": ["0c7dddc8-5826-4cb6-aa1f-05deb1a8567b", "30f6696e-c3fc-42f7-bf6c-5397deb845b4", "008abe38-1643-4d0f-a363-2a16337d5d88", "f75ca56f-1b41-4790-b51f-db03fcbc6019", "110639f1-9c45-40f6-9a00-389b2032f903", "0e12e99c-7afc-4c49-9af8-4ffe5e601186", "b7547d3d-2509-4b29-aad3-76270891b4c6", "41cc160a-2786-4292-a496-27439ba9ffe2", "9157b3c0-0dd4-4d8d-9cbf-852b997a81e8"], "startingPlayerIds": ["008abe38-1643-4d0f-a363-2a16337d5d88", "110639f1-9c45-40f6-9a00-389b2032f903", "0e12e99c-7afc-4c49-9af8-4ffe5e601186", "41cc160a-2786-4292-a496-27439ba9ffe2", "9157b3c0-0dd4-4d8d-9cbf-852b997a81e8", "b7547d3d-2509-4b29-aad3-76270891b4c6", "0c7dddc8-5826-4cb6-aa1f-05deb1a8567b"]}', 'league', 'CDYFL', 'completed', NULL, '{"status": "completed", "total_time_seconds": 2331}', false, NULL, NULL, NULL),
	('19cc8c3a-a31c-4738-af1c-7ead1c4c3e4a', 'e3cb7a04-3e3c-4b9a-bc6d-48f07d1e82b3', 'Test F', 'home', NULL, '2025-09-17 17:25:00+00', 25, 'completed', '2025-09-16 23:26:44.348958+00', '2025-09-16 23:30:56.695331+00', '{"savedAt": "2025-09-16T23:27:13.216Z", "substitutes": [{"id": "340b28ee-f946-4a43-aeed-89812402c82c", "last_name": "Bareham", "first_name": "Charlie", "jersey_number": null}, {"id": "0c7dddc8-5826-4cb6-aa1f-05deb1a8567b", "last_name": "Tomkinson", "first_name": "Rex", "jersey_number": null}, {"id": "b7547d3d-2509-4b29-aad3-76270891b4c6", "last_name": "Webb", "first_name": "Archie", "jersey_number": null}], "startingLineup": [{"id": "c24d0fe6-66a8-4448-b85a-8cf453f8e5ef", "last_name": "Drennan", "first_name": "Luca", "jersey_number": null}, {"id": "f75ca56f-1b41-4790-b51f-db03fcbc6019", "last_name": "Greenley", "first_name": "Preston", "jersey_number": null}, {"id": "008abe38-1643-4d0f-a363-2a16337d5d88", "last_name": "Hodgkins", "first_name": "Edward", "jersey_number": null}, {"id": "110639f1-9c45-40f6-9a00-389b2032f903", "last_name": "Knight", "first_name": "Fearnley", "jersey_number": null}, {"id": "0e12e99c-7afc-4c49-9af8-4ffe5e601186", "last_name": "Lavin", "first_name": "Ardan", "jersey_number": null}, {"id": "9157b3c0-0dd4-4d8d-9cbf-852b997a81e8", "last_name": "Martin", "first_name": "Albie", "jersey_number": null}, {"id": "30f6696e-c3fc-42f7-bf6c-5397deb845b4", "last_name": "Skerritt", "first_name": "Albie", "jersey_number": null}], "selectedPlayerIds": ["340b28ee-f946-4a43-aeed-89812402c82c", "c24d0fe6-66a8-4448-b85a-8cf453f8e5ef", "f75ca56f-1b41-4790-b51f-db03fcbc6019", "008abe38-1643-4d0f-a363-2a16337d5d88", "110639f1-9c45-40f6-9a00-389b2032f903", "0e12e99c-7afc-4c49-9af8-4ffe5e601186", "9157b3c0-0dd4-4d8d-9cbf-852b997a81e8", "30f6696e-c3fc-42f7-bf6c-5397deb845b4", "0c7dddc8-5826-4cb6-aa1f-05deb1a8567b", "b7547d3d-2509-4b29-aad3-76270891b4c6"], "startingPlayerIds": ["30f6696e-c3fc-42f7-bf6c-5397deb845b4", "9157b3c0-0dd4-4d8d-9cbf-852b997a81e8", "0e12e99c-7afc-4c49-9af8-4ffe5e601186", "110639f1-9c45-40f6-9a00-389b2032f903", "008abe38-1643-4d0f-a363-2a16337d5d88", "f75ca56f-1b41-4790-b51f-db03fcbc6019", "c24d0fe6-66a8-4448-b85a-8cf453f8e5ef"]}', 'friendly', NULL, 'completed', NULL, '{"status": "completed", "total_time_seconds": 184}', false, NULL, NULL, NULL),
	('c21511fc-5309-479d-8968-e92863ecfc9d', 'e3cb7a04-3e3c-4b9a-bc6d-48f07d1e82b3', 'Test', 'home', NULL, '2025-10-01 17:00:00+00', 25, 'completed', '2025-09-28 23:49:06.202175+00', '2025-09-29 08:22:08.68248+00', '{"savedAt": "2025-09-28T23:49:15.756Z", "substitutes": [{"id": "f75ca56f-1b41-4790-b51f-db03fcbc6019", "last_name": "Greenley", "first_name": "Preston", "jersey_number": null}, {"id": "30f6696e-c3fc-42f7-bf6c-5397deb845b4", "last_name": "Skerritt", "first_name": "Albie", "jersey_number": null}], "startingLineup": [{"id": "008abe38-1643-4d0f-a363-2a16337d5d88", "last_name": "Hodgkins", "first_name": "Edward", "jersey_number": null}, {"id": "110639f1-9c45-40f6-9a00-389b2032f903", "last_name": "Knight", "first_name": "Fearnley", "jersey_number": null}, {"id": "0e12e99c-7afc-4c49-9af8-4ffe5e601186", "last_name": "Lavin", "first_name": "Ardan", "jersey_number": null}, {"id": "9157b3c0-0dd4-4d8d-9cbf-852b997a81e8", "last_name": "Martin", "first_name": "Albie", "jersey_number": null}, {"id": "0c7dddc8-5826-4cb6-aa1f-05deb1a8567b", "last_name": "Tomkinson", "first_name": "Rex", "jersey_number": null}, {"id": "b7547d3d-2509-4b29-aad3-76270891b4c6", "last_name": "Webb", "first_name": "Archie", "jersey_number": null}, {"id": "41cc160a-2786-4292-a496-27439ba9ffe2", "last_name": "Wilson", "first_name": "Llewyn", "jersey_number": null}], "selectedPlayerIds": ["f75ca56f-1b41-4790-b51f-db03fcbc6019", "008abe38-1643-4d0f-a363-2a16337d5d88", "110639f1-9c45-40f6-9a00-389b2032f903", "0e12e99c-7afc-4c49-9af8-4ffe5e601186", "9157b3c0-0dd4-4d8d-9cbf-852b997a81e8", "30f6696e-c3fc-42f7-bf6c-5397deb845b4", "0c7dddc8-5826-4cb6-aa1f-05deb1a8567b", "b7547d3d-2509-4b29-aad3-76270891b4c6", "41cc160a-2786-4292-a496-27439ba9ffe2"], "startingPlayerIds": ["008abe38-1643-4d0f-a363-2a16337d5d88", "110639f1-9c45-40f6-9a00-389b2032f903", "0e12e99c-7afc-4c49-9af8-4ffe5e601186", "41cc160a-2786-4292-a496-27439ba9ffe2", "9157b3c0-0dd4-4d8d-9cbf-852b997a81e8", "b7547d3d-2509-4b29-aad3-76270891b4c6", "0c7dddc8-5826-4cb6-aa1f-05deb1a8567b"]}', 'friendly', NULL, 'completed', NULL, '{"status": "completed", "total_time_seconds": 291}', false, 'd0ab792f-2519-45a9-9ee0-74467fd51039', '2025-09-29 08:20:45.677731+00', '2025-09-29 08:21:42.674347+00'),
	('7773a8b7-4eba-40fd-8d9c-ac86ddcddc8a', 'e3cb7a04-3e3c-4b9a-bc6d-48f07d1e82b3', 'Test B', 'home', NULL, '2025-09-20 10:00:00+00', 25, 'completed', '2025-09-17 11:58:50.310639+00', '2025-09-17 13:20:20.484426+00', NULL, 'friendly', NULL, 'completed', NULL, '{"status": "completed", "total_time_seconds": 980}', false, 'd0ab792f-2519-45a9-9ee0-74467fd51039', '2025-09-17 11:59:41.13956+00', '2025-09-17 13:20:07.690348+00');


--
-- Data for Name: match_periods; Type: TABLE DATA; Schema: public; Owner: postgres
--

INSERT INTO "public"."match_periods" ("id", "fixture_id", "period_number", "period_type", "planned_duration_minutes", "actual_start_time", "actual_end_time", "is_active", "pause_time", "total_paused_seconds", "created_at", "updated_at") VALUES
	('a718254e-ecd1-47af-bd39-e746bf6dc95c', 'f70547f4-4bbc-4f71-97dd-f808795c060f', 1, 'period', 30, '2025-09-28 11:00:31.779+00', '2025-09-28 11:27:58.723+00', false, NULL, 0, '2025-09-28 11:00:32.13042+00', '2025-09-28 11:27:58.857435+00'),
	('4ec8eebb-b665-4128-bc71-cb9d42eddcb7', 'f70547f4-4bbc-4f71-97dd-f808795c060f', 2, 'period', 30, '2025-09-28 11:31:20.137+00', '2025-09-28 11:56:38.326+00', false, NULL, 0, '2025-09-28 11:31:20.307856+00', '2025-09-28 11:56:38.439836+00'),
	('45962055-6f1c-43f6-9b0a-2b792b5f47e7', 'c21511fc-5309-479d-8968-e92863ecfc9d', 1, 'period', 30, '2025-09-29 08:17:18.364+00', '2025-09-29 08:22:08.378+00', false, NULL, 0, '2025-09-29 08:17:18.654156+00', '2025-09-29 08:22:08.555084+00'),
	('70b56165-0a56-4ab0-8d2f-04ad8d8d5e18', 'a4af647e-db9b-43f3-8cfe-eaec322002f3', 1, 'period', 30, '2025-09-16 14:09:24.794+00', '2025-09-16 14:35:08.794+00', false, NULL, 0, '2025-09-16 14:09:24.942595+00', '2025-09-16 14:35:08.901285+00'),
	('21ce61b7-c45b-49c7-b72b-3b86a077148a', 'b57ad2bd-197d-4bc2-8f3f-62d889c1a942', 1, 'period', 30, '2025-09-29 22:47:24.459+00', NULL, true, NULL, 0, '2025-09-29 22:47:24.581399+00', '2025-09-29 22:47:24.581399+00'),
	('7f3f37e7-0231-4a4f-9516-6ef50aa4a9e4', 'a4af647e-db9b-43f3-8cfe-eaec322002f3', 2, 'period', 30, '2025-09-16 14:35:12.5+00', '2025-09-16 14:49:22.842+00', false, NULL, 70, '2025-09-16 14:35:12.583066+00', '2025-09-16 14:49:22.898026+00'),
	('8758fab4-500b-4bd4-87ca-18ffe07ee2b2', '19cc8c3a-a31c-4738-af1c-7ead1c4c3e4a', 1, 'period', 30, '2025-09-16 23:27:42.096+00', '2025-09-16 23:29:12.738+00', false, NULL, 0, '2025-09-16 23:27:42.158421+00', '2025-09-16 23:29:12.786121+00'),
	('bcbe579a-497b-4a4b-af3a-e20c4daa2318', '19cc8c3a-a31c-4738-af1c-7ead1c4c3e4a', 2, 'period', 30, '2025-09-16 23:29:15.92+00', '2025-09-16 23:30:50.996+00', false, NULL, 0, '2025-09-16 23:29:15.95411+00', '2025-09-16 23:30:51.044897+00'),
	('051549b1-f576-4d97-860b-8cf9f440846a', '7773a8b7-4eba-40fd-8d9c-ac86ddcddc8a', 1, 'period', 30, '2025-09-17 11:59:10.532+00', '2025-09-17 13:20:20.373+00', false, NULL, 0, '2025-09-17 11:59:10.626006+00', '2025-09-17 13:20:20.422264+00'),
	('ce0a617f-0d91-4468-a3a8-a8e1a3306ba2', 'b2c85af0-e040-429b-ad0e-9de425dad88f', 1, 'period', 30, '2025-09-17 13:21:35.47+00', '2025-09-17 13:23:06.257+00', false, NULL, 0, '2025-09-17 13:21:35.558708+00', '2025-09-17 13:23:06.359327+00'),
	('8726c447-4afd-4495-8619-813617c8f0c4', 'b2c85af0-e040-429b-ad0e-9de425dad88f', 2, 'period', 30, '2025-09-17 13:23:13.076+00', '2025-09-17 13:58:54.993+00', false, NULL, 1824, '2025-09-17 13:23:13.112625+00', '2025-09-17 13:58:55.013054+00'),
	('7aedfd30-e128-457c-924e-96ea652af623', 'b2c85af0-e040-429b-ad0e-9de425dad88f', 3, 'period', 30, '2025-09-17 13:58:57.393+00', '2025-09-17 13:59:18.578+00', false, NULL, 5, '2025-09-17 13:58:57.438192+00', '2025-09-17 13:59:18.597947+00'),
	('9dc32f41-d9fb-41b3-91c0-3d1c514f6a73', '60a3669d-af74-48c4-a10b-40f99a3423f9', 1, 'period', 30, '2025-09-17 14:18:24.825+00', '2025-09-17 14:21:29.424+00', false, NULL, 0, '2025-09-17 14:18:24.928328+00', '2025-09-17 14:21:29.522026+00'),
	('df50daf6-c0f5-4730-a507-5f400357ca14', 'af63e045-5a53-436c-9532-c8e538fa13c3', 1, 'period', 30, '2025-09-17 14:30:53.982+00', '2025-09-17 14:41:29.864+00', false, NULL, 0, '2025-09-17 14:30:54.083273+00', '2025-09-17 14:41:29.899375+00'),
	('33610e9a-d682-470a-bbb7-5baf796aa57f', '42de9aae-ab4e-43af-99d2-6a14a78e747f', 1, 'period', 30, '2025-09-17 14:42:34.13+00', '2025-09-17 14:46:01.013+00', false, NULL, 0, '2025-09-17 14:42:34.170053+00', '2025-09-17 14:46:01.069226+00'),
	('1f36c548-b0eb-40fc-96b8-c73be4fb0e40', '1101fdad-005c-4c54-8255-c2ec68381dc1', 1, 'period', 30, '2025-09-19 12:31:27.24+00', '2025-09-19 12:32:10.28+00', false, NULL, 0, '2025-09-19 12:31:27.741455+00', '2025-09-19 12:32:10.472884+00'),
	('dbe7fd7d-15d3-4355-8cca-6138d61e88ba', '8108804e-9973-4918-abd5-b86bf1bada8d', 1, 'period', 30, '2025-09-25 12:35:22.174+00', '2025-09-25 12:35:42.078+00', false, NULL, 0, '2025-09-25 12:35:22.225215+00', '2025-09-25 12:35:42.116136+00'),
	('71208d8c-06d7-4503-a6be-39db5c764ea4', '6fca434a-8476-4409-987b-29b8cb8590a3', 1, 'period', 30, '2025-09-27 00:28:48.289+00', '2025-09-27 00:29:17.985+00', false, NULL, 0, '2025-09-27 00:28:48.359917+00', '2025-09-27 00:29:18.040434+00'),
	('b4edd494-a1e3-4c9f-9e22-c856822c0f16', '22a75bb5-6c36-4e24-b0c5-9df15adbdb98', 1, 'period', 30, '2025-09-27 23:49:18.218+00', '2025-09-27 23:51:20.709+00', false, NULL, 0, '2025-09-27 23:49:18.280234+00', '2025-09-27 23:51:20.761846+00'),
	('b7bb992e-df02-439d-a815-0bf8731d381e', '22a75bb5-6c36-4e24-b0c5-9df15adbdb98', 2, 'period', 30, '2025-09-27 23:51:23.134+00', '2025-09-27 23:51:37.798+00', false, NULL, 0, '2025-09-27 23:51:23.168135+00', '2025-09-27 23:51:37.854233+00'),
	('a30b7776-14d2-439e-aa30-81661f2c5695', '22a75bb5-6c36-4e24-b0c5-9df15adbdb98', 3, 'period', 30, '2025-09-27 23:51:39.321+00', '2025-09-28 00:00:43.922+00', false, NULL, 0, '2025-09-27 23:51:39.359153+00', '2025-09-28 00:00:44.006921+00');


--
-- Data for Name: players; Type: TABLE DATA; Schema: public; Owner: postgres
--

INSERT INTO "public"."players" ("id", "club_id", "first_name", "last_name", "jersey_number", "created_at", "updated_at") VALUES
	('0e12e99c-7afc-4c49-9af8-4ffe5e601186', '17492ff1-1bc4-416d-90d6-d99ceee5393c', 'Ardan', 'Lavin', NULL, '2025-08-30 00:02:23.698789+00', '2025-08-30 00:02:23.698789+00'),
	('110639f1-9c45-40f6-9a00-389b2032f903', '17492ff1-1bc4-416d-90d6-d99ceee5393c', 'Fearnley', 'Knight', NULL, '2025-08-30 00:04:22.043613+00', '2025-08-30 00:04:22.043613+00'),
	('56d82f9c-37b2-498d-92cd-f9eee715f5ac', '17492ff1-1bc4-416d-90d6-d99ceee5393c', 'River', 'Williams-Howitt', NULL, '2025-08-30 00:04:33.013288+00', '2025-08-30 00:04:33.013288+00'),
	('f75ca56f-1b41-4790-b51f-db03fcbc6019', '17492ff1-1bc4-416d-90d6-d99ceee5393c', 'Preston', 'Greenley', NULL, '2025-08-30 00:05:02.068478+00', '2025-08-30 00:05:02.068478+00'),
	('008abe38-1643-4d0f-a363-2a16337d5d88', '17492ff1-1bc4-416d-90d6-d99ceee5393c', 'Edward', 'Hodgkins', NULL, '2025-08-30 00:05:16.452904+00', '2025-08-30 00:05:16.452904+00'),
	('30f6696e-c3fc-42f7-bf6c-5397deb845b4', '17492ff1-1bc4-416d-90d6-d99ceee5393c', 'Albie', 'Skerritt', NULL, '2025-08-30 00:05:34.299658+00', '2025-08-30 00:05:34.299658+00'),
	('9157b3c0-0dd4-4d8d-9cbf-852b997a81e8', '17492ff1-1bc4-416d-90d6-d99ceee5393c', 'Albie', 'Martin', NULL, '2025-08-30 00:05:41.25225+00', '2025-08-30 00:05:41.25225+00'),
	('35bcf347-e1ff-449d-857b-2c63593d4fca', '17492ff1-1bc4-416d-90d6-d99ceee5393c', 'Farris', 'Wiffen', NULL, '2025-08-30 00:05:48.50213+00', '2025-08-30 00:05:48.50213+00'),
	('0c7dddc8-5826-4cb6-aa1f-05deb1a8567b', '17492ff1-1bc4-416d-90d6-d99ceee5393c', 'Rex', 'Tomkinson', NULL, '2025-08-30 00:06:00.33816+00', '2025-08-30 00:06:00.33816+00'),
	('b7547d3d-2509-4b29-aad3-76270891b4c6', '17492ff1-1bc4-416d-90d6-d99ceee5393c', 'Archie', 'Webb', NULL, '2025-08-30 09:22:09.793314+00', '2025-08-30 09:22:09.793314+00'),
	('41cc160a-2786-4292-a496-27439ba9ffe2', '17492ff1-1bc4-416d-90d6-d99ceee5393c', 'Llewyn', 'Wilson', NULL, '2025-08-30 23:38:17.874875+00', '2025-08-30 23:38:17.874875+00'),
	('70e3714f-b17c-4ab8-b849-d157263fbe30', '17492ff1-1bc4-416d-90d6-d99ceee5393c', 'Noah', 'Hawes', NULL, '2025-09-14 09:30:38.621674+00', '2025-09-14 09:30:38.621674+00'),
	('a5176e3e-8a44-401b-891d-52cf4a3b48b9', '17492ff1-1bc4-416d-90d6-d99ceee5393c', 'Harry', 'Hesketh', NULL, '2025-09-14 09:30:50.596949+00', '2025-09-14 09:30:50.596949+00'),
	('0e7bc6a8-d743-4d98-b29d-8926bc68eb31', '17492ff1-1bc4-416d-90d6-d99ceee5393c', 'Sebastian', 'Kitchen', NULL, '2025-09-14 09:31:02.57053+00', '2025-09-14 09:31:02.57053+00'),
	('84df5cd6-daba-4ff2-8f35-9e6b0e6c000e', '17492ff1-1bc4-416d-90d6-d99ceee5393c', 'Elliott', 'Pedge', NULL, '2025-09-14 09:31:49.471837+00', '2025-09-14 09:31:49.471837+00'),
	('2316be21-57fd-48d8-b35f-1ced847bfaca', '17492ff1-1bc4-416d-90d6-d99ceee5393c', 'Finley', 'Rhodes', NULL, '2025-09-14 09:32:00.575181+00', '2025-09-14 09:32:00.575181+00'),
	('a2e8558e-f16c-429e-ada2-84bb22b18c4a', '17492ff1-1bc4-416d-90d6-d99ceee5393c', 'Spare Player', 'X', NULL, '2025-09-05 16:59:27.584618+00', '2025-09-15 18:42:53.164873+00'),
	('340b28ee-f946-4a43-aeed-89812402c82c', '17492ff1-1bc4-416d-90d6-d99ceee5393c', 'Charlie', 'B', NULL, '2025-08-30 00:04:11.831627+00', '2025-09-20 15:40:26.708806+00'),
	('e5a16faf-ad90-41ed-9ef1-6db52c3761c9', '17492ff1-1bc4-416d-90d6-d99ceee5393c', 'Mason', 'C', NULL, '2025-09-14 09:29:56.89212+00', '2025-09-20 15:40:40.140908+00'),
	('c24d0fe6-66a8-4448-b85a-8cf453f8e5ef', '17492ff1-1bc4-416d-90d6-d99ceee5393c', 'Luca', 'D', NULL, '2025-08-30 00:04:49.92141+00', '2025-09-20 15:40:46.244054+00'),
	('df301822-c68e-4ee8-b377-bdba9597f835', '17492ff1-1bc4-416d-90d6-d99ceee5393c', 'Peter', 'D', NULL, '2025-09-14 09:30:07.627097+00', '2025-09-20 15:40:53.027514+00'),
	('24d7cfa3-46b3-450f-88d7-a489fff13f72', '17492ff1-1bc4-416d-90d6-d99ceee5393c', 'Henry', 'G', NULL, '2025-09-11 22:11:46.76571+00', '2025-09-20 15:40:58.067394+00'),
	('79588be8-6351-4161-9033-34ced69ce7d4', '17492ff1-1bc4-416d-90d6-d99ceee5393c', 'Joshua', 'G', NULL, '2025-09-14 09:30:23.129868+00', '2025-09-20 15:41:04.147919+00'),
	('9053530f-68c0-4351-a6d5-8736fe5a69a0', '17492ff1-1bc4-416d-90d6-d99ceee5393c', 'Alessandro', 'P', NULL, '2025-09-27 00:27:08.035073+00', '2025-09-27 00:27:08.035073+00');


--
-- Data for Name: match_events; Type: TABLE DATA; Schema: public; Owner: postgres
--

INSERT INTO "public"."match_events" ("id", "fixture_id", "period_id", "event_type", "player_id", "assist_player_id", "minute_in_period", "total_match_minute", "is_our_team", "is_penalty", "notes", "recorded_at", "is_retrospective", "created_at", "updated_at") VALUES
	('2993b5c7-e079-4699-902f-8696dbdfee74', 'a4af647e-db9b-43f3-8cfe-eaec322002f3', '7f3f37e7-0231-4a4f-9516-6ef50aa4a9e4', 'goal', '0e12e99c-7afc-4c49-9af8-4ffe5e601186', 'c24d0fe6-66a8-4448-b85a-8cf453f8e5ef', 0, 26, true, false, NULL, '2025-09-16 14:35:36.371065+00', false, '2025-09-16 14:35:36.371065+00', '2025-09-16 14:35:36.371065+00'),
	('1c3ffc28-a30f-4cd2-acfd-b9a62bec55ab', 'a4af647e-db9b-43f3-8cfe-eaec322002f3', '7f3f37e7-0231-4a4f-9516-6ef50aa4a9e4', 'goal', '110639f1-9c45-40f6-9a00-389b2032f903', '008abe38-1643-4d0f-a363-2a16337d5d88', 1, 27, true, false, NULL, '2025-09-16 14:36:57.666636+00', false, '2025-09-16 14:36:57.666636+00', '2025-09-16 14:36:57.666636+00'),
	('6589cca1-b8f6-4f97-bf78-2075fd2b9689', 'a4af647e-db9b-43f3-8cfe-eaec322002f3', '7f3f37e7-0231-4a4f-9516-6ef50aa4a9e4', 'goal', NULL, NULL, 2, 28, false, false, NULL, '2025-09-16 14:37:46.214823+00', false, '2025-09-16 14:37:46.214823+00', '2025-09-16 14:37:46.214823+00'),
	('f6412489-c77a-47c6-a149-726661361600', '19cc8c3a-a31c-4738-af1c-7ead1c4c3e4a', '8758fab4-500b-4bd4-87ca-18ffe07ee2b2', 'goal', '30f6696e-c3fc-42f7-bf6c-5397deb845b4', '0e12e99c-7afc-4c49-9af8-4ffe5e601186', 0, 0, true, false, NULL, '2025-09-16 23:28:18.627326+00', false, '2025-09-16 23:28:18.627326+00', '2025-09-16 23:28:18.627326+00'),
	('d6d48f9c-464b-4f5d-978f-ddfe9c28077d', '19cc8c3a-a31c-4738-af1c-7ead1c4c3e4a', '8758fab4-500b-4bd4-87ca-18ffe07ee2b2', 'goal', '30f6696e-c3fc-42f7-bf6c-5397deb845b4', '110639f1-9c45-40f6-9a00-389b2032f903', 0, 0, true, false, NULL, '2025-09-16 23:28:37.04688+00', false, '2025-09-16 23:28:37.04688+00', '2025-09-16 23:28:37.04688+00'),
	('3efdd69a-810f-42a3-88cc-4bb56e00b3c3', '19cc8c3a-a31c-4738-af1c-7ead1c4c3e4a', '8758fab4-500b-4bd4-87ca-18ffe07ee2b2', 'goal', '110639f1-9c45-40f6-9a00-389b2032f903', NULL, 1, 1, true, true, NULL, '2025-09-16 23:28:53.002712+00', false, '2025-09-16 23:28:53.002712+00', '2025-09-16 23:28:53.002712+00'),
	('083714fd-9ff5-4062-bce2-36ffe3c5e8d2', '19cc8c3a-a31c-4738-af1c-7ead1c4c3e4a', '8758fab4-500b-4bd4-87ca-18ffe07ee2b2', 'goal', NULL, NULL, 1, 1, false, false, NULL, '2025-09-16 23:29:07.514467+00', false, '2025-09-16 23:29:07.514467+00', '2025-09-16 23:29:07.514467+00'),
	('b8745615-4d00-455e-a595-d7ade2076a14', '19cc8c3a-a31c-4738-af1c-7ead1c4c3e4a', 'bcbe579a-497b-4a4b-af3a-e20c4daa2318', 'goal', '340b28ee-f946-4a43-aeed-89812402c82c', '30f6696e-c3fc-42f7-bf6c-5397deb845b4', 1, 2, true, false, NULL, '2025-09-16 23:30:35.350212+00', false, '2025-09-16 23:30:35.350212+00', '2025-09-16 23:30:35.350212+00'),
	('6915e796-a6ff-4948-b8c1-49210575ca7a', 'b2c85af0-e040-429b-ad0e-9de425dad88f', 'ce0a617f-0d91-4468-a3a8-a8e1a3306ba2', 'goal', '0e12e99c-7afc-4c49-9af8-4ffe5e601186', '110639f1-9c45-40f6-9a00-389b2032f903', 0, 0, true, false, NULL, '2025-09-17 13:22:05.165409+00', false, '2025-09-17 13:22:05.165409+00', '2025-09-17 13:22:05.165409+00'),
	('9d5df084-de3e-4eab-a355-d0631913751c', 'b2c85af0-e040-429b-ad0e-9de425dad88f', 'ce0a617f-0d91-4468-a3a8-a8e1a3306ba2', 'goal', '110639f1-9c45-40f6-9a00-389b2032f903', NULL, 0, 0, true, true, NULL, '2025-09-17 13:22:20.218766+00', false, '2025-09-17 13:22:20.218766+00', '2025-09-17 13:22:20.218766+00'),
	('c2a47607-56f8-433a-9f1b-aef4d58bd800', 'b2c85af0-e040-429b-ad0e-9de425dad88f', '8726c447-4afd-4495-8619-813617c8f0c4', 'goal', '0c7dddc8-5826-4cb6-aa1f-05deb1a8567b', 'c24d0fe6-66a8-4448-b85a-8cf453f8e5ef', 2, 3, true, false, NULL, '2025-09-17 13:57:40.387792+00', false, '2025-09-17 13:57:40.387792+00', '2025-09-17 13:57:40.387792+00'),
	('47333641-beec-470a-8fc1-5fff1dfbf286', 'b2c85af0-e040-429b-ad0e-9de425dad88f', '8726c447-4afd-4495-8619-813617c8f0c4', 'goal', NULL, NULL, 2, 3, false, false, NULL, '2025-09-17 13:57:44.8644+00', false, '2025-09-17 13:57:44.8644+00', '2025-09-17 13:57:44.8644+00'),
	('65cb816d-8b3f-4afd-b451-6f5e9dd2c699', '6fca434a-8476-4409-987b-29b8cb8590a3', '71208d8c-06d7-4503-a6be-39db5c764ea4', 'goal', 'f75ca56f-1b41-4790-b51f-db03fcbc6019', NULL, 0, 0, true, false, NULL, '2025-09-27 00:29:11.551554+00', false, '2025-09-27 00:29:11.551554+00', '2025-09-27 00:29:11.551554+00'),
	('7cd46d2a-41ea-470a-9242-1c97c4f42b98', '22a75bb5-6c36-4e24-b0c5-9df15adbdb98', 'b4edd494-a1e3-4c9f-9e22-c856822c0f16', 'goal', '35bcf347-e1ff-449d-857b-2c63593d4fca', NULL, 6, 6, true, false, NULL, '2025-09-27 23:50:23.323196+00', false, '2025-09-27 23:50:23.323196+00', '2025-09-27 23:50:23.323196+00'),
	('0ec4b323-69e4-4c30-aff5-c2cd8eb219c7', '22a75bb5-6c36-4e24-b0c5-9df15adbdb98', 'b4edd494-a1e3-4c9f-9e22-c856822c0f16', 'goal', 'f75ca56f-1b41-4790-b51f-db03fcbc6019', NULL, 34, 36, true, false, NULL, '2025-09-27 23:51:29.118004+00', false, '2025-09-27 23:51:29.118004+00', '2025-09-27 23:51:29.118004+00'),
	('c3a533b3-69c6-47bc-88a0-48e218980547', '22a75bb5-6c36-4e24-b0c5-9df15adbdb98', 'b4edd494-a1e3-4c9f-9e22-c856822c0f16', 'goal', NULL, NULL, 34, 36, false, false, NULL, '2025-09-27 23:51:57.973768+00', false, '2025-09-27 23:51:57.973768+00', '2025-09-27 23:51:57.973768+00'),
	('da69be34-96d4-44c8-ae7a-a681baaafe7b', '22a75bb5-6c36-4e24-b0c5-9df15adbdb98', 'a30b7776-14d2-439e-aa30-81661f2c5695', 'goal', '9157b3c0-0dd4-4d8d-9cbf-852b997a81e8', NULL, 46, 48, true, false, NULL, '2025-09-27 23:54:09.672541+00', false, '2025-09-27 23:54:09.672541+00', '2025-09-27 23:54:09.672541+00'),
	('e8311e30-e935-4c1d-b055-39f2d32bb3f3', '22a75bb5-6c36-4e24-b0c5-9df15adbdb98', 'a30b7776-14d2-439e-aa30-81661f2c5695', 'goal', '9157b3c0-0dd4-4d8d-9cbf-852b997a81e8', NULL, 46, 48, true, false, NULL, '2025-09-27 23:56:52.643784+00', false, '2025-09-27 23:56:52.643784+00', '2025-09-27 23:56:52.643784+00'),
	('b6778803-1917-4d49-91d4-875ca3ff8ed6', '22a75bb5-6c36-4e24-b0c5-9df15adbdb98', 'a30b7776-14d2-439e-aa30-81661f2c5695', 'goal', 'b7547d3d-2509-4b29-aad3-76270891b4c6', NULL, 51, 54, true, false, NULL, '2025-09-27 23:57:29.710009+00', false, '2025-09-27 23:57:29.710009+00', '2025-09-27 23:57:29.710009+00'),
	('7e379f7f-3375-4802-a656-96361cb5d4da', '22a75bb5-6c36-4e24-b0c5-9df15adbdb98', 'a30b7776-14d2-439e-aa30-81661f2c5695', 'goal', '35bcf347-e1ff-449d-857b-2c63593d4fca', NULL, 53, 55, true, false, NULL, '2025-09-27 23:57:44.466427+00', false, '2025-09-27 23:57:44.466427+00', '2025-09-27 23:57:44.466427+00'),
	('c2d1a168-c3c5-4ea2-af60-5c9f24c9b364', 'f70547f4-4bbc-4f71-97dd-f808795c060f', 'a718254e-ecd1-47af-bd39-e746bf6dc95c', 'goal', '9157b3c0-0dd4-4d8d-9cbf-852b997a81e8', NULL, 2, 2, true, false, 'Own goal but Albie was last to touch', '2025-09-28 11:03:38.802089+00', false, '2025-09-28 11:03:38.802089+00', '2025-09-28 11:03:38.802089+00'),
	('8a72f078-32a0-4360-869a-c6d590a64c1f', 'f70547f4-4bbc-4f71-97dd-f808795c060f', 'a718254e-ecd1-47af-bd39-e746bf6dc95c', 'goal', '110639f1-9c45-40f6-9a00-389b2032f903', '0e12e99c-7afc-4c49-9af8-4ffe5e601186', 6, 6, true, false, NULL, '2025-09-28 11:08:56.143922+00', false, '2025-09-28 11:08:56.143922+00', '2025-09-28 11:08:56.143922+00'),
	('1d551145-daab-4917-8f8a-ec8ebcaadc91', 'f70547f4-4bbc-4f71-97dd-f808795c060f', 'a718254e-ecd1-47af-bd39-e746bf6dc95c', 'goal', 'f75ca56f-1b41-4790-b51f-db03fcbc6019', '41cc160a-2786-4292-a496-27439ba9ffe2', 14, 14, true, false, NULL, '2025-09-28 11:21:23.500732+00', false, '2025-09-28 11:21:23.500732+00', '2025-09-28 11:21:23.500732+00'),
	('a37c0a14-89c5-482b-8017-de0f705573ee', 'f70547f4-4bbc-4f71-97dd-f808795c060f', 'a718254e-ecd1-47af-bd39-e746bf6dc95c', 'goal', NULL, NULL, 18, 18, false, false, NULL, '2025-09-28 11:27:44.358122+00', false, '2025-09-28 11:27:44.358122+00', '2025-09-28 11:27:44.358122+00'),
	('fe868f53-83d3-4ce4-881a-74f29d945a62', 'f70547f4-4bbc-4f71-97dd-f808795c060f', '4ec8eebb-b665-4128-bc71-cb9d42eddcb7', 'goal', '0e12e99c-7afc-4c49-9af8-4ffe5e601186', NULL, 2, 20, true, false, NULL, '2025-09-28 11:33:42.951978+00', false, '2025-09-28 11:33:42.951978+00', '2025-09-28 11:33:42.951978+00'),
	('d4267f69-f599-4f96-a6d9-fb783b5f7164', 'f70547f4-4bbc-4f71-97dd-f808795c060f', '4ec8eebb-b665-4128-bc71-cb9d42eddcb7', 'goal', '30f6696e-c3fc-42f7-bf6c-5397deb845b4', '110639f1-9c45-40f6-9a00-389b2032f903', 10, 29, true, false, NULL, '2025-09-28 11:43:10.08971+00', false, '2025-09-28 11:43:10.08971+00', '2025-09-28 11:43:10.08971+00');


--
-- Data for Name: player_match_status; Type: TABLE DATA; Schema: public; Owner: postgres
--

INSERT INTO "public"."player_match_status" ("id", "fixture_id", "player_id", "is_on_field", "position", "last_action_minute", "last_action_period_id", "created_at", "updated_at") VALUES
	('b6fcd1a9-7f20-43fa-ac08-2bfe781c851d', 'f70547f4-4bbc-4f71-97dd-f808795c060f', '008abe38-1643-4d0f-a363-2a16337d5d88', true, NULL, NULL, NULL, '2025-09-28 10:59:23.257384+00', '2025-09-28 10:59:23.257384+00'),
	('29379c6f-ecbc-47ec-96d0-ffcf7fc9252b', 'f70547f4-4bbc-4f71-97dd-f808795c060f', '0e12e99c-7afc-4c49-9af8-4ffe5e601186', true, NULL, NULL, NULL, '2025-09-28 10:59:23.257384+00', '2025-09-28 10:59:23.257384+00'),
	('22601edf-e38d-4bc7-aae3-697ed7cca00c', 'f70547f4-4bbc-4f71-97dd-f808795c060f', '41cc160a-2786-4292-a496-27439ba9ffe2', true, NULL, NULL, NULL, '2025-09-28 10:59:23.257384+00', '2025-09-28 10:59:23.257384+00'),
	('c1747565-2a26-46c7-8ea4-96defcc6bfba', 'f70547f4-4bbc-4f71-97dd-f808795c060f', '30f6696e-c3fc-42f7-bf6c-5397deb845b4', true, NULL, NULL, NULL, '2025-09-28 10:59:23.257384+00', '2025-09-28 11:20:23.177129+00'),
	('e36062ba-ade9-468f-85c8-a72b0a4da89e', '19cc8c3a-a31c-4738-af1c-7ead1c4c3e4a', 'c24d0fe6-66a8-4448-b85a-8cf453f8e5ef', true, NULL, NULL, NULL, '2025-09-16 23:27:16.516345+00', '2025-09-16 23:27:16.516345+00'),
	('5bb92e21-ebe2-4a16-8ddc-25f30f47f98c', '19cc8c3a-a31c-4738-af1c-7ead1c4c3e4a', '008abe38-1643-4d0f-a363-2a16337d5d88', true, NULL, NULL, NULL, '2025-09-16 23:27:16.516345+00', '2025-09-16 23:27:16.516345+00'),
	('86f217be-5f4a-4298-a7f9-2f2a7999c4a5', '19cc8c3a-a31c-4738-af1c-7ead1c4c3e4a', '110639f1-9c45-40f6-9a00-389b2032f903', true, NULL, NULL, NULL, '2025-09-16 23:27:16.516345+00', '2025-09-16 23:27:16.516345+00'),
	('c9edec2d-a458-4d8f-a7c1-b38880747394', '19cc8c3a-a31c-4738-af1c-7ead1c4c3e4a', '0e12e99c-7afc-4c49-9af8-4ffe5e601186', true, NULL, NULL, NULL, '2025-09-16 23:27:16.516345+00', '2025-09-16 23:27:16.516345+00'),
	('2c9d6bba-84ec-400e-a718-61edf3dd4dba', '19cc8c3a-a31c-4738-af1c-7ead1c4c3e4a', '9157b3c0-0dd4-4d8d-9cbf-852b997a81e8', true, NULL, NULL, NULL, '2025-09-16 23:27:16.516345+00', '2025-09-16 23:27:16.516345+00'),
	('c4e31d49-a68c-4c0a-9deb-2c3f1e42b741', 'f70547f4-4bbc-4f71-97dd-f808795c060f', 'f75ca56f-1b41-4790-b51f-db03fcbc6019', true, NULL, NULL, NULL, '2025-09-28 10:59:23.257384+00', '2025-09-28 11:21:04.804003+00'),
	('0f17da41-1dfd-406f-8dd6-cfa3834e7df8', 'f70547f4-4bbc-4f71-97dd-f808795c060f', 'b7547d3d-2509-4b29-aad3-76270891b4c6', false, NULL, NULL, NULL, '2025-09-28 10:59:23.257384+00', '2025-09-28 11:30:31.844275+00'),
	('48aceb05-00ff-4794-9b67-e01103264073', 'f70547f4-4bbc-4f71-97dd-f808795c060f', '0c7dddc8-5826-4cb6-aa1f-05deb1a8567b', true, NULL, NULL, NULL, '2025-09-28 10:59:23.257384+00', '2025-09-28 11:30:31.97252+00'),
	('c1845221-96e5-4d2b-a84a-24564f688bae', 'f70547f4-4bbc-4f71-97dd-f808795c060f', '9157b3c0-0dd4-4d8d-9cbf-852b997a81e8', false, NULL, NULL, NULL, '2025-09-28 10:59:23.257384+00', '2025-09-28 11:30:45.477785+00'),
	('7f8b448e-c9c4-460d-9caa-e14bddc0e73e', 'f70547f4-4bbc-4f71-97dd-f808795c060f', '110639f1-9c45-40f6-9a00-389b2032f903', true, NULL, NULL, NULL, '2025-09-28 10:59:23.257384+00', '2025-09-28 11:30:45.562957+00'),
	('9095800e-c046-433d-9c67-eadedba57db5', 'a4af647e-db9b-43f3-8cfe-eaec322002f3', 'c24d0fe6-66a8-4448-b85a-8cf453f8e5ef', true, NULL, NULL, NULL, '2025-09-16 14:08:36.199427+00', '2025-09-16 14:08:36.199427+00'),
	('f649fb97-0720-498a-9d44-5f7985383ecd', 'a4af647e-db9b-43f3-8cfe-eaec322002f3', 'f75ca56f-1b41-4790-b51f-db03fcbc6019', true, NULL, NULL, NULL, '2025-09-16 14:08:36.199427+00', '2025-09-16 14:08:36.199427+00'),
	('9ff1ea31-a284-4096-b830-208be6688226', 'a4af647e-db9b-43f3-8cfe-eaec322002f3', '340b28ee-f946-4a43-aeed-89812402c82c', true, NULL, NULL, NULL, '2025-09-16 14:08:36.199427+00', '2025-09-16 14:08:36.199427+00'),
	('166a7b78-fa11-4e46-b039-ec687247e315', 'a4af647e-db9b-43f3-8cfe-eaec322002f3', '008abe38-1643-4d0f-a363-2a16337d5d88', true, NULL, NULL, NULL, '2025-09-16 14:08:36.199427+00', '2025-09-16 14:08:36.199427+00'),
	('ec58da10-6104-4afd-9d6c-bf6a1d1a87c3', 'a4af647e-db9b-43f3-8cfe-eaec322002f3', '110639f1-9c45-40f6-9a00-389b2032f903', true, NULL, NULL, NULL, '2025-09-16 14:08:36.199427+00', '2025-09-16 14:08:36.199427+00'),
	('2014bc96-07c0-4d0f-bb32-cb984ff24d1f', 'a4af647e-db9b-43f3-8cfe-eaec322002f3', '0e12e99c-7afc-4c49-9af8-4ffe5e601186', true, NULL, NULL, NULL, '2025-09-16 14:08:36.199427+00', '2025-09-16 14:08:36.199427+00'),
	('ed8b0291-deaa-4794-b93d-fe34f383b0b5', 'a4af647e-db9b-43f3-8cfe-eaec322002f3', '9157b3c0-0dd4-4d8d-9cbf-852b997a81e8', true, NULL, NULL, NULL, '2025-09-16 14:08:36.199427+00', '2025-09-16 14:08:36.199427+00'),
	('605984b4-e41e-468a-ab03-22647edd69e7', 'a4af647e-db9b-43f3-8cfe-eaec322002f3', '30f6696e-c3fc-42f7-bf6c-5397deb845b4', false, NULL, NULL, NULL, '2025-09-16 14:08:36.199427+00', '2025-09-16 14:08:36.199427+00'),
	('745607a3-8d6f-4f97-a26b-e7ea566ba986', 'a4af647e-db9b-43f3-8cfe-eaec322002f3', '0c7dddc8-5826-4cb6-aa1f-05deb1a8567b', false, NULL, NULL, NULL, '2025-09-16 14:08:36.199427+00', '2025-09-16 14:08:36.199427+00'),
	('8ad9e6c9-8c5a-46db-ae47-99a678523251', 'a4af647e-db9b-43f3-8cfe-eaec322002f3', 'b7547d3d-2509-4b29-aad3-76270891b4c6', false, NULL, NULL, NULL, '2025-09-16 14:08:36.199427+00', '2025-09-16 14:08:36.199427+00'),
	('a0e223af-40f5-468e-b8b4-3d00fb82cfa4', '19cc8c3a-a31c-4738-af1c-7ead1c4c3e4a', '30f6696e-c3fc-42f7-bf6c-5397deb845b4', true, NULL, NULL, NULL, '2025-09-16 23:27:16.516345+00', '2025-09-16 23:27:16.516345+00'),
	('9c66fc44-137f-41a0-a820-fd2867262d5c', '19cc8c3a-a31c-4738-af1c-7ead1c4c3e4a', '0c7dddc8-5826-4cb6-aa1f-05deb1a8567b', false, NULL, NULL, NULL, '2025-09-16 23:27:16.516345+00', '2025-09-16 23:27:16.516345+00'),
	('c12a9ad8-069f-45ea-ba69-2e5b2dfabd6f', '19cc8c3a-a31c-4738-af1c-7ead1c4c3e4a', 'b7547d3d-2509-4b29-aad3-76270891b4c6', false, NULL, NULL, NULL, '2025-09-16 23:27:16.516345+00', '2025-09-16 23:27:16.516345+00'),
	('9fdcb180-a0d6-4923-a1b4-b960f5293131', '19cc8c3a-a31c-4738-af1c-7ead1c4c3e4a', 'f75ca56f-1b41-4790-b51f-db03fcbc6019', false, NULL, NULL, NULL, '2025-09-16 23:27:16.516345+00', '2025-09-16 23:29:34.795869+00'),
	('2a8c77c9-227e-4ed9-927d-4b0889cd62df', '19cc8c3a-a31c-4738-af1c-7ead1c4c3e4a', '340b28ee-f946-4a43-aeed-89812402c82c', true, NULL, NULL, NULL, '2025-09-16 23:27:16.516345+00', '2025-09-16 23:29:34.855721+00'),
	('a56e457c-52b5-44ad-be1a-823452515b1d', '7773a8b7-4eba-40fd-8d9c-ac86ddcddc8a', '0c7dddc8-5826-4cb6-aa1f-05deb1a8567b', false, NULL, NULL, NULL, '2025-09-17 11:59:07.618853+00', '2025-09-17 11:59:07.618853+00'),
	('67279871-53b1-441f-a86f-761958f10883', '7773a8b7-4eba-40fd-8d9c-ac86ddcddc8a', '35bcf347-e1ff-449d-857b-2c63593d4fca', false, NULL, NULL, NULL, '2025-09-17 11:59:07.618853+00', '2025-09-17 11:59:07.618853+00'),
	('4fdc8ee1-8d21-4d0b-8bf9-be026d8304a9', '7773a8b7-4eba-40fd-8d9c-ac86ddcddc8a', '9157b3c0-0dd4-4d8d-9cbf-852b997a81e8', false, NULL, NULL, NULL, '2025-09-17 11:59:07.618853+00', '2025-09-17 11:59:07.618853+00'),
	('91a8f483-fb7f-4ad2-87fb-132fc0232fd9', '7773a8b7-4eba-40fd-8d9c-ac86ddcddc8a', '30f6696e-c3fc-42f7-bf6c-5397deb845b4', false, NULL, NULL, NULL, '2025-09-17 11:59:07.618853+00', '2025-09-17 11:59:07.618853+00'),
	('51f51f46-3b2c-48b4-966e-05ddf6639b6c', '7773a8b7-4eba-40fd-8d9c-ac86ddcddc8a', '008abe38-1643-4d0f-a363-2a16337d5d88', false, NULL, NULL, NULL, '2025-09-17 11:59:07.618853+00', '2025-09-17 11:59:07.618853+00'),
	('b1e19bfc-d19f-4637-acaa-0ad0c8df5f84', '60a3669d-af74-48c4-a10b-40f99a3423f9', '30f6696e-c3fc-42f7-bf6c-5397deb845b4', false, NULL, NULL, NULL, '2025-09-17 14:18:20.390387+00', '2025-09-17 14:20:25.634014+00'),
	('b7c926f4-082f-49a2-b2ca-07276c27db42', '60a3669d-af74-48c4-a10b-40f99a3423f9', '0c7dddc8-5826-4cb6-aa1f-05deb1a8567b', true, NULL, NULL, NULL, '2025-09-17 14:18:20.390387+00', '2025-09-17 14:20:25.69513+00'),
	('5664418b-4829-43e9-845c-c65261301a21', '7773a8b7-4eba-40fd-8d9c-ac86ddcddc8a', 'f75ca56f-1b41-4790-b51f-db03fcbc6019', false, NULL, NULL, NULL, '2025-09-17 11:59:07.618853+00', '2025-09-17 11:59:07.618853+00'),
	('ed327a20-8c89-43fc-a0b0-53ec9884e676', '7773a8b7-4eba-40fd-8d9c-ac86ddcddc8a', 'c24d0fe6-66a8-4448-b85a-8cf453f8e5ef', false, NULL, NULL, NULL, '2025-09-17 11:59:07.618853+00', '2025-09-17 11:59:07.618853+00'),
	('531179f0-a779-4775-ad67-3eed30990333', '7773a8b7-4eba-40fd-8d9c-ac86ddcddc8a', '56d82f9c-37b2-498d-92cd-f9eee715f5ac', false, NULL, NULL, NULL, '2025-09-17 11:59:07.618853+00', '2025-09-17 11:59:07.618853+00'),
	('e94cf4a6-d348-49de-86e6-a36f5b77371a', '7773a8b7-4eba-40fd-8d9c-ac86ddcddc8a', '110639f1-9c45-40f6-9a00-389b2032f903', false, NULL, NULL, NULL, '2025-09-17 11:59:07.618853+00', '2025-09-17 11:59:07.618853+00'),
	('667d0885-11dc-4bec-85d9-95490068f5bf', '7773a8b7-4eba-40fd-8d9c-ac86ddcddc8a', '340b28ee-f946-4a43-aeed-89812402c82c', false, NULL, NULL, NULL, '2025-09-17 11:59:07.618853+00', '2025-09-17 11:59:07.618853+00'),
	('f7c7e689-5716-47e1-a8a1-f3f5b1f4fdb2', '7773a8b7-4eba-40fd-8d9c-ac86ddcddc8a', '0e12e99c-7afc-4c49-9af8-4ffe5e601186', false, NULL, NULL, NULL, '2025-09-17 11:59:07.618853+00', '2025-09-17 11:59:07.618853+00'),
	('16c83bb1-9396-4329-843d-49cff229b07a', '7773a8b7-4eba-40fd-8d9c-ac86ddcddc8a', 'b7547d3d-2509-4b29-aad3-76270891b4c6', false, NULL, NULL, NULL, '2025-09-17 11:59:07.618853+00', '2025-09-17 11:59:07.618853+00'),
	('5298520d-0b02-4968-a2b4-3df2646d1241', '7773a8b7-4eba-40fd-8d9c-ac86ddcddc8a', 'a2e8558e-f16c-429e-ada2-84bb22b18c4a', false, NULL, NULL, NULL, '2025-09-17 11:59:07.618853+00', '2025-09-17 11:59:07.618853+00'),
	('138d52d9-7437-423c-b042-3e003b9d5847', '7773a8b7-4eba-40fd-8d9c-ac86ddcddc8a', '41cc160a-2786-4292-a496-27439ba9ffe2', false, NULL, NULL, NULL, '2025-09-17 11:59:07.618853+00', '2025-09-17 11:59:07.618853+00'),
	('89844a90-a342-43dd-8c31-fc8f4d740b7b', 'b2c85af0-e040-429b-ad0e-9de425dad88f', 'c24d0fe6-66a8-4448-b85a-8cf453f8e5ef', true, NULL, NULL, NULL, '2025-09-17 13:21:23.416687+00', '2025-09-17 13:21:23.416687+00'),
	('a25d14e5-d8f9-4099-9c2e-98197461177f', 'b2c85af0-e040-429b-ad0e-9de425dad88f', 'f75ca56f-1b41-4790-b51f-db03fcbc6019', true, NULL, NULL, NULL, '2025-09-17 13:21:23.416687+00', '2025-09-17 13:21:23.416687+00'),
	('bacec1a3-f992-42e6-82cf-ee97e4d19e57', 'b2c85af0-e040-429b-ad0e-9de425dad88f', '008abe38-1643-4d0f-a363-2a16337d5d88', true, NULL, NULL, NULL, '2025-09-17 13:21:23.416687+00', '2025-09-17 13:21:23.416687+00'),
	('473f086c-2d64-4430-a1d9-f252df37f28e', 'b2c85af0-e040-429b-ad0e-9de425dad88f', '110639f1-9c45-40f6-9a00-389b2032f903', true, NULL, NULL, NULL, '2025-09-17 13:21:23.416687+00', '2025-09-17 13:21:23.416687+00'),
	('2a8e5a80-b4dd-4780-a928-dd6863c02ae5', 'b2c85af0-e040-429b-ad0e-9de425dad88f', '0e12e99c-7afc-4c49-9af8-4ffe5e601186', true, NULL, NULL, NULL, '2025-09-17 13:21:23.416687+00', '2025-09-17 13:21:23.416687+00'),
	('487ea861-be98-4ff3-bdaa-69db3f6182c7', 'b2c85af0-e040-429b-ad0e-9de425dad88f', '9157b3c0-0dd4-4d8d-9cbf-852b997a81e8', true, NULL, NULL, NULL, '2025-09-17 13:21:23.416687+00', '2025-09-17 13:21:23.416687+00'),
	('408d584e-f990-4480-aac8-7563e1c0db84', 'b2c85af0-e040-429b-ad0e-9de425dad88f', '340b28ee-f946-4a43-aeed-89812402c82c', false, NULL, NULL, NULL, '2025-09-17 13:21:23.416687+00', '2025-09-17 13:21:23.416687+00'),
	('52f7ab92-1b6f-4f86-8650-41c521978446', 'b2c85af0-e040-429b-ad0e-9de425dad88f', 'b7547d3d-2509-4b29-aad3-76270891b4c6', false, NULL, NULL, NULL, '2025-09-17 13:21:23.416687+00', '2025-09-17 13:21:23.416687+00'),
	('6c3f2bcf-c9ec-4550-bda1-66a24f98cf46', 'b2c85af0-e040-429b-ad0e-9de425dad88f', '30f6696e-c3fc-42f7-bf6c-5397deb845b4', false, NULL, NULL, NULL, '2025-09-17 13:21:23.416687+00', '2025-09-17 13:57:08.434779+00'),
	('645f8292-ae85-4cf4-b811-90e19ea15a56', 'b2c85af0-e040-429b-ad0e-9de425dad88f', '0c7dddc8-5826-4cb6-aa1f-05deb1a8567b', true, NULL, NULL, NULL, '2025-09-17 13:21:23.416687+00', '2025-09-17 13:57:08.511179+00'),
	('7ead1cc3-05b1-459e-8b9f-219e882fbfb5', '60a3669d-af74-48c4-a10b-40f99a3423f9', 'c24d0fe6-66a8-4448-b85a-8cf453f8e5ef', true, NULL, NULL, NULL, '2025-09-17 14:18:20.390387+00', '2025-09-17 14:18:20.390387+00'),
	('5c7e8e41-a090-423e-85e0-2252081ea7df', '60a3669d-af74-48c4-a10b-40f99a3423f9', 'f75ca56f-1b41-4790-b51f-db03fcbc6019', true, NULL, NULL, NULL, '2025-09-17 14:18:20.390387+00', '2025-09-17 14:18:20.390387+00'),
	('13258a3e-d795-47ec-b7b9-fe9541de3812', '60a3669d-af74-48c4-a10b-40f99a3423f9', '008abe38-1643-4d0f-a363-2a16337d5d88', true, NULL, NULL, NULL, '2025-09-17 14:18:20.390387+00', '2025-09-17 14:18:20.390387+00'),
	('dc8301f3-2428-471d-b75c-f9fe568caaef', '60a3669d-af74-48c4-a10b-40f99a3423f9', '110639f1-9c45-40f6-9a00-389b2032f903', true, NULL, NULL, NULL, '2025-09-17 14:18:20.390387+00', '2025-09-17 14:18:20.390387+00'),
	('da4c8ea7-1aaa-42ee-adcc-5a49e80bfec0', '60a3669d-af74-48c4-a10b-40f99a3423f9', '0e12e99c-7afc-4c49-9af8-4ffe5e601186', true, NULL, NULL, NULL, '2025-09-17 14:18:20.390387+00', '2025-09-17 14:18:20.390387+00'),
	('d3808ba8-e539-44ef-b984-036f7bc68fe2', '60a3669d-af74-48c4-a10b-40f99a3423f9', '9157b3c0-0dd4-4d8d-9cbf-852b997a81e8', true, NULL, NULL, NULL, '2025-09-17 14:18:20.390387+00', '2025-09-17 14:18:20.390387+00'),
	('def201f8-b3b5-4b3d-a74d-ac54811b48bc', '60a3669d-af74-48c4-a10b-40f99a3423f9', '340b28ee-f946-4a43-aeed-89812402c82c', false, NULL, NULL, NULL, '2025-09-17 14:18:20.390387+00', '2025-09-17 14:18:20.390387+00'),
	('4992db16-c07f-418e-ab53-d424faca0d01', '60a3669d-af74-48c4-a10b-40f99a3423f9', 'b7547d3d-2509-4b29-aad3-76270891b4c6', false, NULL, NULL, NULL, '2025-09-17 14:18:20.390387+00', '2025-09-17 14:18:20.390387+00'),
	('13c00fe9-5254-4bae-9bbe-c864364c4a49', 'af63e045-5a53-436c-9532-c8e538fa13c3', '0c7dddc8-5826-4cb6-aa1f-05deb1a8567b', false, NULL, NULL, NULL, '2025-09-17 14:30:52.00603+00', '2025-09-17 14:48:50.349174+00'),
	('0af154ce-01c1-4b00-b521-9f25fa290d8a', 'af63e045-5a53-436c-9532-c8e538fa13c3', '340b28ee-f946-4a43-aeed-89812402c82c', false, NULL, NULL, NULL, '2025-09-17 14:30:52.00603+00', '2025-09-17 14:48:50.349174+00'),
	('c4baf475-ae07-4a31-9b1e-65213347bc47', 'af63e045-5a53-436c-9532-c8e538fa13c3', 'b7547d3d-2509-4b29-aad3-76270891b4c6', false, NULL, NULL, NULL, '2025-09-17 14:30:52.00603+00', '2025-09-17 14:48:50.349174+00'),
	('d5fd4638-cd19-4527-8965-742c1a80eb6b', '1101fdad-005c-4c54-8255-c2ec68381dc1', '0c7dddc8-5826-4cb6-aa1f-05deb1a8567b', false, NULL, NULL, NULL, '2025-09-19 12:31:12.492989+00', '2025-09-19 12:31:12.492989+00'),
	('b1f0c3fb-5c9e-43b0-b128-bd697baf1d23', '1101fdad-005c-4c54-8255-c2ec68381dc1', '35bcf347-e1ff-449d-857b-2c63593d4fca', false, NULL, NULL, NULL, '2025-09-19 12:31:12.492989+00', '2025-09-19 12:31:12.492989+00'),
	('fe3c0441-f147-446f-986d-2991be1c5b71', '1101fdad-005c-4c54-8255-c2ec68381dc1', '9157b3c0-0dd4-4d8d-9cbf-852b997a81e8', false, NULL, NULL, NULL, '2025-09-19 12:31:12.492989+00', '2025-09-19 12:31:12.492989+00'),
	('1a29ee99-b914-4ec1-ba4d-8169a6d5e926', '1101fdad-005c-4c54-8255-c2ec68381dc1', '30f6696e-c3fc-42f7-bf6c-5397deb845b4', false, NULL, NULL, NULL, '2025-09-19 12:31:12.492989+00', '2025-09-19 12:31:12.492989+00'),
	('a99c0e7f-4b9b-4088-b2c5-9b92117fabfd', '1101fdad-005c-4c54-8255-c2ec68381dc1', '008abe38-1643-4d0f-a363-2a16337d5d88', false, NULL, NULL, NULL, '2025-09-19 12:31:12.492989+00', '2025-09-19 12:31:12.492989+00'),
	('db782107-86b0-40f3-9582-e850fdc14552', '1101fdad-005c-4c54-8255-c2ec68381dc1', 'f75ca56f-1b41-4790-b51f-db03fcbc6019', false, NULL, NULL, NULL, '2025-09-19 12:31:12.492989+00', '2025-09-19 12:31:12.492989+00'),
	('dc5e4734-560a-438a-a071-e36f335bd1ff', '1101fdad-005c-4c54-8255-c2ec68381dc1', 'c24d0fe6-66a8-4448-b85a-8cf453f8e5ef', false, NULL, NULL, NULL, '2025-09-19 12:31:12.492989+00', '2025-09-19 12:31:12.492989+00'),
	('4155a4fd-2238-455c-a701-1d219e46991a', '1101fdad-005c-4c54-8255-c2ec68381dc1', '56d82f9c-37b2-498d-92cd-f9eee715f5ac', false, NULL, NULL, NULL, '2025-09-19 12:31:12.492989+00', '2025-09-19 12:31:12.492989+00'),
	('3ed53b97-df5e-4339-8252-f3e8e3957235', '1101fdad-005c-4c54-8255-c2ec68381dc1', '110639f1-9c45-40f6-9a00-389b2032f903', false, NULL, NULL, NULL, '2025-09-19 12:31:12.492989+00', '2025-09-19 12:31:12.492989+00'),
	('e8314ed7-11ab-4477-9ac4-5ddfd915f814', '1101fdad-005c-4c54-8255-c2ec68381dc1', '340b28ee-f946-4a43-aeed-89812402c82c', false, NULL, NULL, NULL, '2025-09-19 12:31:12.492989+00', '2025-09-19 12:31:12.492989+00'),
	('8c24ec9b-6d2a-46c1-b450-afcaf31e5e2f', '1101fdad-005c-4c54-8255-c2ec68381dc1', '0e12e99c-7afc-4c49-9af8-4ffe5e601186', false, NULL, NULL, NULL, '2025-09-19 12:31:12.492989+00', '2025-09-19 12:31:12.492989+00'),
	('a41f0522-8219-490d-ab0f-61808a0c3e69', '1101fdad-005c-4c54-8255-c2ec68381dc1', 'b7547d3d-2509-4b29-aad3-76270891b4c6', false, NULL, NULL, NULL, '2025-09-19 12:31:12.492989+00', '2025-09-19 12:31:12.492989+00'),
	('98a98127-64d3-4a1c-a94a-228c4b65978a', '1101fdad-005c-4c54-8255-c2ec68381dc1', 'a2e8558e-f16c-429e-ada2-84bb22b18c4a', false, NULL, NULL, NULL, '2025-09-19 12:31:12.492989+00', '2025-09-19 12:31:12.492989+00'),
	('3f322849-0785-4f6b-99a8-3f8a2fe003c7', '1101fdad-005c-4c54-8255-c2ec68381dc1', '41cc160a-2786-4292-a496-27439ba9ffe2', false, NULL, NULL, NULL, '2025-09-19 12:31:12.492989+00', '2025-09-19 12:31:12.492989+00'),
	('f145a005-3629-4107-b92f-b695324f1299', '8108804e-9973-4918-abd5-b86bf1bada8d', 'c24d0fe6-66a8-4448-b85a-8cf453f8e5ef', true, NULL, NULL, NULL, '2025-09-25 12:35:17.844868+00', '2025-09-25 12:35:17.844868+00'),
	('ff8c4fdd-a89c-48db-be04-66559dba9b42', '8108804e-9973-4918-abd5-b86bf1bada8d', 'f75ca56f-1b41-4790-b51f-db03fcbc6019', true, NULL, NULL, NULL, '2025-09-25 12:35:17.844868+00', '2025-09-25 12:35:17.844868+00'),
	('938ebfc8-4f9d-41d9-a549-7d286d2977be', '8108804e-9973-4918-abd5-b86bf1bada8d', '008abe38-1643-4d0f-a363-2a16337d5d88', true, NULL, NULL, NULL, '2025-09-25 12:35:17.844868+00', '2025-09-25 12:35:17.844868+00'),
	('ac876ba8-5198-4c24-aef7-bacbb375f6e1', '8108804e-9973-4918-abd5-b86bf1bada8d', '110639f1-9c45-40f6-9a00-389b2032f903', true, NULL, NULL, NULL, '2025-09-25 12:35:17.844868+00', '2025-09-25 12:35:17.844868+00'),
	('05a2211f-5789-4210-b372-4f6ff89a2083', '8108804e-9973-4918-abd5-b86bf1bada8d', '0e12e99c-7afc-4c49-9af8-4ffe5e601186', true, NULL, NULL, NULL, '2025-09-25 12:35:17.844868+00', '2025-09-25 12:35:17.844868+00'),
	('9836b238-f2a1-493b-9cfb-416fd023d077', '8108804e-9973-4918-abd5-b86bf1bada8d', '9157b3c0-0dd4-4d8d-9cbf-852b997a81e8', true, NULL, NULL, NULL, '2025-09-25 12:35:17.844868+00', '2025-09-25 12:35:17.844868+00'),
	('90c5560f-e090-4a2a-bf81-b65156820249', '8108804e-9973-4918-abd5-b86bf1bada8d', '30f6696e-c3fc-42f7-bf6c-5397deb845b4', true, NULL, NULL, NULL, '2025-09-25 12:35:17.844868+00', '2025-09-25 12:35:17.844868+00'),
	('ee500567-d8a3-4b7a-b47b-995ebc69688d', '8108804e-9973-4918-abd5-b86bf1bada8d', '340b28ee-f946-4a43-aeed-89812402c82c', false, NULL, NULL, NULL, '2025-09-25 12:35:17.844868+00', '2025-09-25 12:35:17.844868+00'),
	('a1291a86-bd15-4ac8-877b-3c71db829df3', '8108804e-9973-4918-abd5-b86bf1bada8d', '0c7dddc8-5826-4cb6-aa1f-05deb1a8567b', false, NULL, NULL, NULL, '2025-09-25 12:35:17.844868+00', '2025-09-25 12:35:17.844868+00'),
	('e8226bc9-a469-413a-9c49-8fa84649c119', '6fca434a-8476-4409-987b-29b8cb8590a3', 'c24d0fe6-66a8-4448-b85a-8cf453f8e5ef', true, NULL, NULL, NULL, '2025-09-27 00:28:38.699738+00', '2025-09-27 00:28:38.699738+00'),
	('1bf3cd3b-62a1-40db-9258-ee64694f9178', '6fca434a-8476-4409-987b-29b8cb8590a3', 'f75ca56f-1b41-4790-b51f-db03fcbc6019', true, NULL, NULL, NULL, '2025-09-27 00:28:38.699738+00', '2025-09-27 00:28:38.699738+00'),
	('67c82fd3-b6ae-4cd7-8054-3814e59ad5b5', '22a75bb5-6c36-4e24-b0c5-9df15adbdb98', '0c7dddc8-5826-4cb6-aa1f-05deb1a8567b', true, NULL, NULL, NULL, '2025-09-27 10:59:12.665088+00', '2025-09-28 00:00:38.482895+00'),
	('e4e41316-f676-491a-9cab-fa8b4161e935', '22a75bb5-6c36-4e24-b0c5-9df15adbdb98', '110639f1-9c45-40f6-9a00-389b2032f903', true, NULL, NULL, NULL, '2025-09-27 10:59:12.665088+00', '2025-09-28 00:00:38.482895+00'),
	('f848b0d0-2fb7-4984-bfdd-6239a3bd0873', '42de9aae-ab4e-43af-99d2-6a14a78e747f', 'c24d0fe6-66a8-4448-b85a-8cf453f8e5ef', true, NULL, NULL, NULL, '2025-09-17 14:42:28.426862+00', '2025-09-17 14:42:28.426862+00'),
	('bfa056c2-961d-4990-96ec-072b726cb7dd', '42de9aae-ab4e-43af-99d2-6a14a78e747f', '24d7cfa3-46b3-450f-88d7-a489fff13f72', true, NULL, NULL, NULL, '2025-09-17 14:42:28.426862+00', '2025-09-17 14:42:28.426862+00'),
	('9febe7cf-0312-401b-b50f-13cb2cb63624', '42de9aae-ab4e-43af-99d2-6a14a78e747f', 'f75ca56f-1b41-4790-b51f-db03fcbc6019', true, NULL, NULL, NULL, '2025-09-17 14:42:28.426862+00', '2025-09-17 14:42:28.426862+00'),
	('9610db31-9320-4204-a75c-79065488575b', '42de9aae-ab4e-43af-99d2-6a14a78e747f', '110639f1-9c45-40f6-9a00-389b2032f903', true, NULL, NULL, NULL, '2025-09-17 14:42:28.426862+00', '2025-09-17 14:42:28.426862+00'),
	('28e42d5e-8f83-44b0-9eeb-b05bc60a133f', '42de9aae-ab4e-43af-99d2-6a14a78e747f', '0e12e99c-7afc-4c49-9af8-4ffe5e601186', true, NULL, NULL, NULL, '2025-09-17 14:42:28.426862+00', '2025-09-17 14:42:28.426862+00'),
	('599ada50-a732-4a54-bd89-886eb505108d', '42de9aae-ab4e-43af-99d2-6a14a78e747f', '9157b3c0-0dd4-4d8d-9cbf-852b997a81e8', true, NULL, NULL, NULL, '2025-09-17 14:42:28.426862+00', '2025-09-17 14:42:28.426862+00'),
	('585d1307-d7b0-419d-b1f9-ab878f2e06ee', '42de9aae-ab4e-43af-99d2-6a14a78e747f', '340b28ee-f946-4a43-aeed-89812402c82c', false, NULL, NULL, NULL, '2025-09-17 14:42:28.426862+00', '2025-09-17 14:42:28.426862+00'),
	('50a857d8-0080-41aa-a01f-42f011d22e2f', '42de9aae-ab4e-43af-99d2-6a14a78e747f', '30f6696e-c3fc-42f7-bf6c-5397deb845b4', false, NULL, NULL, NULL, '2025-09-17 14:42:28.426862+00', '2025-09-17 14:42:28.426862+00'),
	('7f516c3e-b656-4194-8651-09eff54bd880', '42de9aae-ab4e-43af-99d2-6a14a78e747f', '35bcf347-e1ff-449d-857b-2c63593d4fca', false, NULL, NULL, NULL, '2025-09-17 14:42:28.426862+00', '2025-09-17 14:42:28.426862+00'),
	('bdd8cdd6-33a2-4d74-9924-a422ccc81c02', '42de9aae-ab4e-43af-99d2-6a14a78e747f', '56d82f9c-37b2-498d-92cd-f9eee715f5ac', false, NULL, NULL, NULL, '2025-09-17 14:42:28.426862+00', '2025-09-17 14:42:28.426862+00'),
	('9664a1cf-5ade-4ff8-bd6f-5b7e037a5ca8', '42de9aae-ab4e-43af-99d2-6a14a78e747f', '0c7dddc8-5826-4cb6-aa1f-05deb1a8567b', false, NULL, NULL, NULL, '2025-09-17 14:42:28.426862+00', '2025-09-17 14:44:54.936393+00'),
	('6e1bc6bc-6337-4de7-89bf-c22b1f1c839d', '42de9aae-ab4e-43af-99d2-6a14a78e747f', 'b7547d3d-2509-4b29-aad3-76270891b4c6', true, NULL, NULL, NULL, '2025-09-17 14:42:28.426862+00', '2025-09-17 14:44:55.000899+00'),
	('4ffb89c3-0f1a-464c-9900-9ac1aebd3bc7', '6fca434a-8476-4409-987b-29b8cb8590a3', '110639f1-9c45-40f6-9a00-389b2032f903', true, NULL, NULL, NULL, '2025-09-27 00:28:38.699738+00', '2025-09-27 00:28:38.699738+00'),
	('ce57a6b5-1f0c-42e1-b42b-5fefe37b35a2', '6fca434a-8476-4409-987b-29b8cb8590a3', '0e12e99c-7afc-4c49-9af8-4ffe5e601186', true, NULL, NULL, NULL, '2025-09-27 00:28:38.699738+00', '2025-09-27 00:28:38.699738+00'),
	('50cd0ac2-1afb-484c-9c80-3d5fda401e68', '6fca434a-8476-4409-987b-29b8cb8590a3', '9053530f-68c0-4351-a6d5-8736fe5a69a0', true, NULL, NULL, NULL, '2025-09-27 00:28:38.699738+00', '2025-09-27 00:28:38.699738+00'),
	('7c4e0dc3-efc7-40f5-b728-fd582401c997', '6fca434a-8476-4409-987b-29b8cb8590a3', '30f6696e-c3fc-42f7-bf6c-5397deb845b4', true, NULL, NULL, NULL, '2025-09-27 00:28:38.699738+00', '2025-09-27 00:28:38.699738+00'),
	('13cdde8f-00d4-40ce-97f6-e438bb1e9e3e', '6fca434a-8476-4409-987b-29b8cb8590a3', '35bcf347-e1ff-449d-857b-2c63593d4fca', true, NULL, NULL, NULL, '2025-09-27 00:28:38.699738+00', '2025-09-27 00:28:38.699738+00'),
	('81af7b61-4513-4cb3-a6f7-a9f5d548a285', '6fca434a-8476-4409-987b-29b8cb8590a3', '9157b3c0-0dd4-4d8d-9cbf-852b997a81e8', false, NULL, NULL, NULL, '2025-09-27 00:28:38.699738+00', '2025-09-27 00:28:38.699738+00'),
	('a585a069-533f-4a5f-8889-71a5eba1a713', '6fca434a-8476-4409-987b-29b8cb8590a3', '0c7dddc8-5826-4cb6-aa1f-05deb1a8567b', false, NULL, NULL, NULL, '2025-09-27 00:28:38.699738+00', '2025-09-27 00:28:38.699738+00'),
	('2934ec82-993e-45af-8933-fc2d88dda3e6', 'af63e045-5a53-436c-9532-c8e538fa13c3', 'c24d0fe6-66a8-4448-b85a-8cf453f8e5ef', true, NULL, NULL, NULL, '2025-09-17 14:30:52.00603+00', '2025-09-17 14:48:50.300168+00'),
	('f3d66d5b-ad70-48a1-8a56-2bcc985e3b81', 'af63e045-5a53-436c-9532-c8e538fa13c3', 'f75ca56f-1b41-4790-b51f-db03fcbc6019', true, NULL, NULL, NULL, '2025-09-17 14:30:52.00603+00', '2025-09-17 14:48:50.300168+00'),
	('3f2b1d57-42fb-49b9-a284-7e049c5a4e65', 'af63e045-5a53-436c-9532-c8e538fa13c3', '008abe38-1643-4d0f-a363-2a16337d5d88', true, NULL, NULL, NULL, '2025-09-17 14:30:52.00603+00', '2025-09-17 14:48:50.300168+00'),
	('5f81849d-7ffc-4829-b497-5b9fa57c8a64', 'af63e045-5a53-436c-9532-c8e538fa13c3', '0e12e99c-7afc-4c49-9af8-4ffe5e601186', true, NULL, NULL, NULL, '2025-09-17 14:30:52.00603+00', '2025-09-17 14:48:50.300168+00'),
	('51a7dd7a-af4f-41c3-a658-92d34a43aba4', 'af63e045-5a53-436c-9532-c8e538fa13c3', '110639f1-9c45-40f6-9a00-389b2032f903', true, NULL, NULL, NULL, '2025-09-17 14:30:52.00603+00', '2025-09-17 14:48:50.300168+00'),
	('81f49a98-85d5-490b-aa60-76508ab50b33', 'af63e045-5a53-436c-9532-c8e538fa13c3', '30f6696e-c3fc-42f7-bf6c-5397deb845b4', true, NULL, NULL, NULL, '2025-09-17 14:30:52.00603+00', '2025-09-17 14:48:50.300168+00'),
	('7d1e8dda-3ed7-4f27-bdff-91815959cb80', 'af63e045-5a53-436c-9532-c8e538fa13c3', '9157b3c0-0dd4-4d8d-9cbf-852b997a81e8', true, NULL, NULL, NULL, '2025-09-17 14:30:52.00603+00', '2025-09-17 14:48:50.300168+00'),
	('80d980f2-f152-4216-a457-ae905bc27ca9', '6fca434a-8476-4409-987b-29b8cb8590a3', 'b7547d3d-2509-4b29-aad3-76270891b4c6', false, NULL, NULL, NULL, '2025-09-27 00:28:38.699738+00', '2025-09-27 00:28:38.699738+00'),
	('ab3621e6-a439-4bb4-9216-6d826385db87', '22a75bb5-6c36-4e24-b0c5-9df15adbdb98', '35bcf347-e1ff-449d-857b-2c63593d4fca', true, NULL, NULL, NULL, '2025-09-27 10:59:12.665088+00', '2025-09-28 00:00:38.482895+00'),
	('42f3bd6b-cfa0-4e7d-9aef-00e6e95a7c16', 'c21511fc-5309-479d-8968-e92863ecfc9d', '008abe38-1643-4d0f-a363-2a16337d5d88', true, NULL, NULL, NULL, '2025-09-28 23:49:17.563742+00', '2025-09-29 08:20:46.236938+00'),
	('97b517fa-10e8-4f45-a28a-bee3cf80de4d', 'c21511fc-5309-479d-8968-e92863ecfc9d', '0c7dddc8-5826-4cb6-aa1f-05deb1a8567b', true, NULL, NULL, NULL, '2025-09-28 23:49:17.563742+00', '2025-09-29 08:20:46.236938+00'),
	('94f346ef-2078-4fd3-91c7-27ea5cfaf4e7', 'c21511fc-5309-479d-8968-e92863ecfc9d', '0e12e99c-7afc-4c49-9af8-4ffe5e601186', true, NULL, NULL, NULL, '2025-09-28 23:49:17.563742+00', '2025-09-29 08:20:46.236938+00'),
	('15c0a5c6-f8c8-4ccf-b927-7b42d4fb2bf3', 'c21511fc-5309-479d-8968-e92863ecfc9d', '110639f1-9c45-40f6-9a00-389b2032f903', true, NULL, NULL, NULL, '2025-09-28 23:49:17.563742+00', '2025-09-29 08:20:46.236938+00'),
	('ae3541f5-a2b0-41b7-9605-e10a937d2be1', 'c21511fc-5309-479d-8968-e92863ecfc9d', '41cc160a-2786-4292-a496-27439ba9ffe2', true, NULL, NULL, NULL, '2025-09-28 23:49:17.563742+00', '2025-09-29 08:20:46.236938+00'),
	('7287f80c-954c-4014-9987-13a3a7fe89b3', 'c21511fc-5309-479d-8968-e92863ecfc9d', '9157b3c0-0dd4-4d8d-9cbf-852b997a81e8', true, NULL, NULL, NULL, '2025-09-28 23:49:17.563742+00', '2025-09-29 08:20:46.236938+00'),
	('c540a981-c9f8-400c-ac71-2306c1d26b58', 'c21511fc-5309-479d-8968-e92863ecfc9d', 'b7547d3d-2509-4b29-aad3-76270891b4c6', true, NULL, NULL, NULL, '2025-09-28 23:49:17.563742+00', '2025-09-29 08:20:46.236938+00'),
	('85d10fd8-fa25-4990-a771-bc087bc2aa89', 'c21511fc-5309-479d-8968-e92863ecfc9d', '30f6696e-c3fc-42f7-bf6c-5397deb845b4', false, NULL, NULL, NULL, '2025-09-28 23:49:17.563742+00', '2025-09-29 08:20:46.373679+00'),
	('d5828d61-3225-4c54-b90a-2e176da05600', 'c21511fc-5309-479d-8968-e92863ecfc9d', 'f75ca56f-1b41-4790-b51f-db03fcbc6019', false, NULL, NULL, NULL, '2025-09-28 23:49:17.563742+00', '2025-09-29 08:20:46.373679+00'),
	('df6cbb01-f447-4bc0-b9af-90184c310685', 'b57ad2bd-197d-4bc2-8f3f-62d889c1a942', '008abe38-1643-4d0f-a363-2a16337d5d88', true, NULL, NULL, NULL, '2025-09-29 21:32:40.196801+00', '2025-09-29 22:50:32.28152+00'),
	('71838c43-c7f6-4ed9-9500-73be312f564c', 'b57ad2bd-197d-4bc2-8f3f-62d889c1a942', '0c7dddc8-5826-4cb6-aa1f-05deb1a8567b', true, NULL, NULL, NULL, '2025-09-29 21:32:40.196801+00', '2025-09-29 22:50:32.28152+00'),
	('14e7ca84-8f69-421c-a271-ae0f95a83858', 'b57ad2bd-197d-4bc2-8f3f-62d889c1a942', '0e12e99c-7afc-4c49-9af8-4ffe5e601186', true, NULL, NULL, NULL, '2025-09-29 21:32:40.196801+00', '2025-09-29 22:50:32.28152+00'),
	('f1497c96-dca2-4aa8-9f22-4679c04e64b8', 'b57ad2bd-197d-4bc2-8f3f-62d889c1a942', '110639f1-9c45-40f6-9a00-389b2032f903', true, NULL, NULL, NULL, '2025-09-29 21:32:40.196801+00', '2025-09-29 22:50:32.28152+00'),
	('d7dcefe6-0447-4670-ae33-5ca509091667', 'b57ad2bd-197d-4bc2-8f3f-62d889c1a942', '41cc160a-2786-4292-a496-27439ba9ffe2', true, NULL, NULL, NULL, '2025-09-29 21:32:40.196801+00', '2025-09-29 22:50:32.28152+00'),
	('afd4aaa1-8e78-471e-8d37-50c75600ffcf', 'b57ad2bd-197d-4bc2-8f3f-62d889c1a942', '9157b3c0-0dd4-4d8d-9cbf-852b997a81e8', true, NULL, NULL, NULL, '2025-09-29 21:32:40.196801+00', '2025-09-29 22:50:32.28152+00'),
	('1f6db173-aa6e-43c7-beab-a0486da56b37', 'b57ad2bd-197d-4bc2-8f3f-62d889c1a942', 'b7547d3d-2509-4b29-aad3-76270891b4c6', true, NULL, NULL, NULL, '2025-09-29 21:32:40.196801+00', '2025-09-29 22:50:32.28152+00'),
	('2883b51c-1c66-49cb-81be-dac3f98497c7', 'b57ad2bd-197d-4bc2-8f3f-62d889c1a942', '30f6696e-c3fc-42f7-bf6c-5397deb845b4', false, NULL, NULL, NULL, '2025-09-29 21:32:40.196801+00', '2025-09-29 22:50:32.320163+00'),
	('ac39b5c8-21b6-41bf-af11-68ddbcdafd1d', 'b57ad2bd-197d-4bc2-8f3f-62d889c1a942', '35bcf347-e1ff-449d-857b-2c63593d4fca', false, NULL, NULL, NULL, '2025-09-29 21:32:40.196801+00', '2025-09-29 22:50:32.320163+00'),
	('4f4b0039-1fba-404e-8121-6a22c69e007f', 'b57ad2bd-197d-4bc2-8f3f-62d889c1a942', '56d82f9c-37b2-498d-92cd-f9eee715f5ac', false, NULL, NULL, NULL, '2025-09-29 21:32:40.196801+00', '2025-09-29 22:50:32.320163+00'),
	('d3230471-a5d8-46a5-9f35-fe376996effd', 'b57ad2bd-197d-4bc2-8f3f-62d889c1a942', 'f75ca56f-1b41-4790-b51f-db03fcbc6019', false, NULL, NULL, NULL, '2025-09-29 21:32:40.196801+00', '2025-09-29 22:50:32.320163+00'),
	('15a131f7-44cb-472a-90fd-d06bc94c49e8', '22a75bb5-6c36-4e24-b0c5-9df15adbdb98', '9053530f-68c0-4351-a6d5-8736fe5a69a0', true, NULL, NULL, NULL, '2025-09-27 10:59:12.665088+00', '2025-09-28 00:00:38.482895+00'),
	('e5135931-74b7-4efe-85eb-d1f5b90c574e', '22a75bb5-6c36-4e24-b0c5-9df15adbdb98', '9157b3c0-0dd4-4d8d-9cbf-852b997a81e8', true, NULL, NULL, NULL, '2025-09-27 10:59:12.665088+00', '2025-09-28 00:00:38.482895+00'),
	('788ede2c-9f87-4fc2-8388-e50a38326a04', '22a75bb5-6c36-4e24-b0c5-9df15adbdb98', 'c24d0fe6-66a8-4448-b85a-8cf453f8e5ef', true, NULL, NULL, NULL, '2025-09-27 10:59:12.665088+00', '2025-09-28 00:00:38.482895+00'),
	('09a3d13d-88e1-4c00-97f8-9b6589dafdee', '22a75bb5-6c36-4e24-b0c5-9df15adbdb98', 'f75ca56f-1b41-4790-b51f-db03fcbc6019', true, NULL, NULL, NULL, '2025-09-27 10:59:12.665088+00', '2025-09-28 00:00:38.482895+00'),
	('78ee83a4-9b21-4001-a264-382366fe1cb1', '22a75bb5-6c36-4e24-b0c5-9df15adbdb98', '0e12e99c-7afc-4c49-9af8-4ffe5e601186', false, NULL, NULL, NULL, '2025-09-27 10:59:12.665088+00', '2025-09-28 00:00:38.530501+00'),
	('dfc32263-5c3d-4129-8587-d998651feb80', '22a75bb5-6c36-4e24-b0c5-9df15adbdb98', 'b7547d3d-2509-4b29-aad3-76270891b4c6', false, NULL, NULL, NULL, '2025-09-27 10:59:12.665088+00', '2025-09-28 00:00:38.530501+00');


--
-- Data for Name: player_time_logs; Type: TABLE DATA; Schema: public; Owner: postgres
--

INSERT INTO "public"."player_time_logs" ("id", "fixture_id", "player_id", "period_id", "time_on_minute", "time_off_minute", "is_starter", "is_active", "total_period_minutes", "created_at", "updated_at") VALUES
	('b439896c-f52d-4fd6-8ec6-a4cab95d4817', 'a4af647e-db9b-43f3-8cfe-eaec322002f3', '110639f1-9c45-40f6-9a00-389b2032f903', '70b56165-0a56-4ab0-8d2f-04ad8d8d5e18', NULL, NULL, false, true, 25, '2025-09-16 14:09:25.653675+00', '2025-09-16 14:35:08.597685+00'),
	('a8073cdc-cb73-4059-8695-3f4c1a66d942', 'a4af647e-db9b-43f3-8cfe-eaec322002f3', '0e12e99c-7afc-4c49-9af8-4ffe5e601186', '70b56165-0a56-4ab0-8d2f-04ad8d8d5e18', NULL, NULL, false, true, 25, '2025-09-16 14:09:25.708326+00', '2025-09-16 14:35:08.645023+00'),
	('4647b1d3-699f-47fc-8189-292f36ea21fa', 'a4af647e-db9b-43f3-8cfe-eaec322002f3', '9157b3c0-0dd4-4d8d-9cbf-852b997a81e8', '70b56165-0a56-4ab0-8d2f-04ad8d8d5e18', NULL, NULL, false, true, 25, '2025-09-16 14:09:25.775768+00', '2025-09-16 14:35:08.689433+00'),
	('b1a6eddc-c92b-4187-85a9-cf005170bfb6', '19cc8c3a-a31c-4738-af1c-7ead1c4c3e4a', '008abe38-1643-4d0f-a363-2a16337d5d88', 'bcbe579a-497b-4a4b-af3a-e20c4daa2318', NULL, NULL, false, true, 1, '2025-09-16 23:29:16.220432+00', '2025-09-16 23:30:50.224614+00'),
	('4448f657-bf4a-44a1-89fc-426b2a091821', '19cc8c3a-a31c-4738-af1c-7ead1c4c3e4a', '110639f1-9c45-40f6-9a00-389b2032f903', 'bcbe579a-497b-4a4b-af3a-e20c4daa2318', NULL, NULL, false, true, 1, '2025-09-16 23:29:16.259282+00', '2025-09-16 23:30:50.262937+00'),
	('491c4413-347c-432d-88e0-36a815d7199c', '19cc8c3a-a31c-4738-af1c-7ead1c4c3e4a', '0e12e99c-7afc-4c49-9af8-4ffe5e601186', 'bcbe579a-497b-4a4b-af3a-e20c4daa2318', NULL, NULL, false, true, 1, '2025-09-16 23:29:16.304626+00', '2025-09-16 23:30:50.303627+00'),
	('b70bdc30-bb3f-448a-b5ff-6695447cfb58', '19cc8c3a-a31c-4738-af1c-7ead1c4c3e4a', '9157b3c0-0dd4-4d8d-9cbf-852b997a81e8', 'bcbe579a-497b-4a4b-af3a-e20c4daa2318', NULL, NULL, false, true, 1, '2025-09-16 23:29:16.349865+00', '2025-09-16 23:30:50.341957+00'),
	('d2112ae1-4a3b-4713-8dbc-b3a82053c9f7', '19cc8c3a-a31c-4738-af1c-7ead1c4c3e4a', '30f6696e-c3fc-42f7-bf6c-5397deb845b4', 'bcbe579a-497b-4a4b-af3a-e20c4daa2318', NULL, NULL, false, true, 1, '2025-09-16 23:29:16.390923+00', '2025-09-16 23:30:50.380975+00'),
	('8a30594b-8b16-48f9-a114-5e3b10830fc5', '19cc8c3a-a31c-4738-af1c-7ead1c4c3e4a', '340b28ee-f946-4a43-aeed-89812402c82c', 'bcbe579a-497b-4a4b-af3a-e20c4daa2318', NULL, NULL, false, true, 1, '2025-09-16 23:29:35.377565+00', '2025-09-16 23:30:50.423738+00'),
	('8ac1cdc9-34b3-4195-86d9-88fb9b0bb90a', '19cc8c3a-a31c-4738-af1c-7ead1c4c3e4a', 'c24d0fe6-66a8-4448-b85a-8cf453f8e5ef', '8758fab4-500b-4bd4-87ca-18ffe07ee2b2', NULL, NULL, false, true, 1, '2025-09-16 23:27:42.475601+00', '2025-09-16 23:29:12.405206+00'),
	('1f8f3eac-c553-457d-a6d5-64e1516d13e3', '19cc8c3a-a31c-4738-af1c-7ead1c4c3e4a', 'f75ca56f-1b41-4790-b51f-db03fcbc6019', '8758fab4-500b-4bd4-87ca-18ffe07ee2b2', NULL, NULL, false, true, 1, '2025-09-16 23:27:42.539094+00', '2025-09-16 23:29:12.445352+00'),
	('d21c827f-3d55-4f43-a514-79efc8215d6f', '19cc8c3a-a31c-4738-af1c-7ead1c4c3e4a', '008abe38-1643-4d0f-a363-2a16337d5d88', '8758fab4-500b-4bd4-87ca-18ffe07ee2b2', NULL, NULL, false, true, 1, '2025-09-16 23:27:42.5836+00', '2025-09-16 23:29:12.480358+00'),
	('5a3a32b0-7764-406a-8200-631d28948907', '19cc8c3a-a31c-4738-af1c-7ead1c4c3e4a', '110639f1-9c45-40f6-9a00-389b2032f903', '8758fab4-500b-4bd4-87ca-18ffe07ee2b2', NULL, NULL, false, true, 1, '2025-09-16 23:27:42.635558+00', '2025-09-16 23:29:12.518543+00'),
	('cdaa8b94-111b-41c8-b8a5-110ad477628d', '19cc8c3a-a31c-4738-af1c-7ead1c4c3e4a', '0e12e99c-7afc-4c49-9af8-4ffe5e601186', '8758fab4-500b-4bd4-87ca-18ffe07ee2b2', NULL, NULL, false, true, 1, '2025-09-16 23:27:42.678832+00', '2025-09-16 23:29:12.570772+00'),
	('2b8261dc-3c76-4384-a850-86a62d51106c', '19cc8c3a-a31c-4738-af1c-7ead1c4c3e4a', '9157b3c0-0dd4-4d8d-9cbf-852b997a81e8', '8758fab4-500b-4bd4-87ca-18ffe07ee2b2', NULL, NULL, false, true, 1, '2025-09-16 23:27:42.729574+00', '2025-09-16 23:29:12.610301+00'),
	('5df98a84-fde8-484b-8fce-42e3cff38ade', '19cc8c3a-a31c-4738-af1c-7ead1c4c3e4a', '30f6696e-c3fc-42f7-bf6c-5397deb845b4', '8758fab4-500b-4bd4-87ca-18ffe07ee2b2', NULL, NULL, false, true, 1, '2025-09-16 23:27:42.774364+00', '2025-09-16 23:29:12.646477+00'),
	('704618c0-ffc5-442e-bb31-65a08633fdfb', '19cc8c3a-a31c-4738-af1c-7ead1c4c3e4a', 'f75ca56f-1b41-4790-b51f-db03fcbc6019', 'bcbe579a-497b-4a4b-af3a-e20c4daa2318', NULL, NULL, false, true, 0, '2025-09-16 23:29:16.175208+00', '2025-09-16 23:29:34.171835+00'),
	('237a35d5-c16f-4f48-9d0e-2abdf61871b7', 'a4af647e-db9b-43f3-8cfe-eaec322002f3', 'c24d0fe6-66a8-4448-b85a-8cf453f8e5ef', '7f3f37e7-0231-4a4f-9516-6ef50aa4a9e4', NULL, NULL, false, true, 4, '2025-09-16 14:35:13.428472+00', '2025-09-16 14:49:22.316543+00'),
	('f4efe0fb-e334-4e15-96c5-a4abf1e220af', 'a4af647e-db9b-43f3-8cfe-eaec322002f3', 'f75ca56f-1b41-4790-b51f-db03fcbc6019', '7f3f37e7-0231-4a4f-9516-6ef50aa4a9e4', NULL, NULL, false, true, 4, '2025-09-16 14:35:13.600886+00', '2025-09-16 14:49:22.356587+00'),
	('806bc912-934f-4853-9f35-06cd93863aef', 'a4af647e-db9b-43f3-8cfe-eaec322002f3', '340b28ee-f946-4a43-aeed-89812402c82c', '7f3f37e7-0231-4a4f-9516-6ef50aa4a9e4', NULL, NULL, false, true, 4, '2025-09-16 14:35:13.763715+00', '2025-09-16 14:49:22.40349+00'),
	('d9ea8b97-8f09-4d16-9cdd-e18d6b0fefae', 'a4af647e-db9b-43f3-8cfe-eaec322002f3', '008abe38-1643-4d0f-a363-2a16337d5d88', '7f3f37e7-0231-4a4f-9516-6ef50aa4a9e4', NULL, NULL, false, true, 4, '2025-09-16 14:35:13.932445+00', '2025-09-16 14:49:22.446942+00'),
	('fc436273-6164-4db8-98a0-6483a29c6fd6', 'a4af647e-db9b-43f3-8cfe-eaec322002f3', '110639f1-9c45-40f6-9a00-389b2032f903', '7f3f37e7-0231-4a4f-9516-6ef50aa4a9e4', NULL, NULL, false, true, 4, '2025-09-16 14:35:14.079975+00', '2025-09-16 14:49:22.496659+00'),
	('138994ae-c613-4e03-95f3-88c83e7b0668', 'a4af647e-db9b-43f3-8cfe-eaec322002f3', '0e12e99c-7afc-4c49-9af8-4ffe5e601186', '7f3f37e7-0231-4a4f-9516-6ef50aa4a9e4', NULL, NULL, false, true, 4, '2025-09-16 14:35:14.318236+00', '2025-09-16 14:49:22.540044+00'),
	('d2a8715d-d139-446a-a8fe-6e2ed10f44db', 'a4af647e-db9b-43f3-8cfe-eaec322002f3', '9157b3c0-0dd4-4d8d-9cbf-852b997a81e8', '7f3f37e7-0231-4a4f-9516-6ef50aa4a9e4', NULL, NULL, false, true, 4, '2025-09-16 14:35:14.502781+00', '2025-09-16 14:49:22.588027+00'),
	('7af31ce1-8e60-4f27-8449-41f602de53f9', 'a4af647e-db9b-43f3-8cfe-eaec322002f3', 'c24d0fe6-66a8-4448-b85a-8cf453f8e5ef', '70b56165-0a56-4ab0-8d2f-04ad8d8d5e18', NULL, NULL, false, true, 25, '2025-09-16 14:09:25.358324+00', '2025-09-16 14:35:08.398335+00'),
	('96617214-213e-4d7f-a154-3032d0830b46', 'a4af647e-db9b-43f3-8cfe-eaec322002f3', 'f75ca56f-1b41-4790-b51f-db03fcbc6019', '70b56165-0a56-4ab0-8d2f-04ad8d8d5e18', NULL, NULL, false, true, 25, '2025-09-16 14:09:25.435291+00', '2025-09-16 14:35:08.448071+00'),
	('bd3ce0ae-dc95-4080-bb49-1cfe1ae7e2fc', 'a4af647e-db9b-43f3-8cfe-eaec322002f3', '340b28ee-f946-4a43-aeed-89812402c82c', '70b56165-0a56-4ab0-8d2f-04ad8d8d5e18', NULL, NULL, false, true, 25, '2025-09-16 14:09:25.506788+00', '2025-09-16 14:35:08.495295+00'),
	('3dc35a93-5dd5-4d9d-b5f8-8a6ce304dfe5', 'a4af647e-db9b-43f3-8cfe-eaec322002f3', '008abe38-1643-4d0f-a363-2a16337d5d88', '70b56165-0a56-4ab0-8d2f-04ad8d8d5e18', NULL, NULL, false, true, 25, '2025-09-16 14:09:25.579556+00', '2025-09-16 14:35:08.544867+00'),
	('3bcf13fe-ea5d-4fa0-94fb-6bfe9a2de3f7', 'b2c85af0-e040-429b-ad0e-9de425dad88f', '30f6696e-c3fc-42f7-bf6c-5397deb845b4', '8726c447-4afd-4495-8619-813617c8f0c4', NULL, NULL, false, true, 1, '2025-09-17 13:23:13.741283+00', '2025-09-17 13:57:07.96869+00'),
	('3788d44e-bd62-4c1b-9aad-9dc69e06d44a', 'b2c85af0-e040-429b-ad0e-9de425dad88f', 'c24d0fe6-66a8-4448-b85a-8cf453f8e5ef', '7aedfd30-e128-457c-924e-96ea652af623', NULL, NULL, false, true, 0, '2025-09-17 13:58:57.641745+00', '2025-09-17 13:59:18.367116+00'),
	('b19174e9-185b-4b71-a8cc-e76767011b92', 'b2c85af0-e040-429b-ad0e-9de425dad88f', 'f75ca56f-1b41-4790-b51f-db03fcbc6019', '7aedfd30-e128-457c-924e-96ea652af623', NULL, NULL, false, true, 0, '2025-09-17 13:58:57.683837+00', '2025-09-17 13:59:18.406262+00'),
	('cf6c06b1-39f3-4bd6-9c19-de0066d326e9', 'b2c85af0-e040-429b-ad0e-9de425dad88f', '008abe38-1643-4d0f-a363-2a16337d5d88', '7aedfd30-e128-457c-924e-96ea652af623', NULL, NULL, false, true, 0, '2025-09-17 13:58:57.731415+00', '2025-09-17 13:59:18.444264+00'),
	('8b8c1ecf-066e-4a88-a4cf-65fa40667da0', 'b2c85af0-e040-429b-ad0e-9de425dad88f', 'c24d0fe6-66a8-4448-b85a-8cf453f8e5ef', 'ce0a617f-0d91-4468-a3a8-a8e1a3306ba2', NULL, NULL, false, true, 1, '2025-09-17 13:21:35.971206+00', '2025-09-17 13:23:05.910971+00'),
	('d087f1e0-9981-4c45-99e2-b8ffd3124b56', 'b2c85af0-e040-429b-ad0e-9de425dad88f', 'f75ca56f-1b41-4790-b51f-db03fcbc6019', 'ce0a617f-0d91-4468-a3a8-a8e1a3306ba2', NULL, NULL, false, true, 1, '2025-09-17 13:21:36.085446+00', '2025-09-17 13:23:05.972804+00'),
	('5af5a0d6-cd92-4efc-8644-2c347da2ed4c', 'b2c85af0-e040-429b-ad0e-9de425dad88f', '008abe38-1643-4d0f-a363-2a16337d5d88', 'ce0a617f-0d91-4468-a3a8-a8e1a3306ba2', NULL, NULL, false, true, 1, '2025-09-17 13:21:36.151909+00', '2025-09-17 13:23:06.025033+00'),
	('c7cd7299-018c-4d3a-99bd-f9d28c04a4b5', 'b2c85af0-e040-429b-ad0e-9de425dad88f', '110639f1-9c45-40f6-9a00-389b2032f903', 'ce0a617f-0d91-4468-a3a8-a8e1a3306ba2', NULL, NULL, false, true, 1, '2025-09-17 13:21:36.214712+00', '2025-09-17 13:23:06.068596+00'),
	('f63e7de4-98c1-4e6c-a007-4336554a55b4', 'b2c85af0-e040-429b-ad0e-9de425dad88f', '0e12e99c-7afc-4c49-9af8-4ffe5e601186', 'ce0a617f-0d91-4468-a3a8-a8e1a3306ba2', NULL, NULL, false, true, 1, '2025-09-17 13:21:36.277511+00', '2025-09-17 13:23:06.166775+00'),
	('e69eea91-6273-47ad-98a0-561e72965317', 'b2c85af0-e040-429b-ad0e-9de425dad88f', '9157b3c0-0dd4-4d8d-9cbf-852b997a81e8', 'ce0a617f-0d91-4468-a3a8-a8e1a3306ba2', NULL, NULL, false, true, 1, '2025-09-17 13:21:36.331046+00', '2025-09-17 13:23:06.230327+00'),
	('3e359e2c-edd7-4dc5-92e0-0cbca65d750c', 'b2c85af0-e040-429b-ad0e-9de425dad88f', '30f6696e-c3fc-42f7-bf6c-5397deb845b4', 'ce0a617f-0d91-4468-a3a8-a8e1a3306ba2', NULL, NULL, false, true, 1, '2025-09-17 13:21:36.39002+00', '2025-09-17 13:23:06.285186+00'),
	('18acb342-40ba-405b-b45b-693246b4a442', 'b2c85af0-e040-429b-ad0e-9de425dad88f', '110639f1-9c45-40f6-9a00-389b2032f903', '7aedfd30-e128-457c-924e-96ea652af623', NULL, NULL, false, true, 0, '2025-09-17 13:58:57.779717+00', '2025-09-17 13:59:18.491473+00'),
	('457b549a-fb25-45b3-9af1-bdaf9a31d70b', '19cc8c3a-a31c-4738-af1c-7ead1c4c3e4a', 'c24d0fe6-66a8-4448-b85a-8cf453f8e5ef', 'bcbe579a-497b-4a4b-af3a-e20c4daa2318', NULL, NULL, false, true, 1, '2025-09-16 23:29:16.136292+00', '2025-09-16 23:30:50.182742+00'),
	('266024e8-c5fc-4ad8-b33f-a463f882ff26', 'b2c85af0-e040-429b-ad0e-9de425dad88f', '0e12e99c-7afc-4c49-9af8-4ffe5e601186', '7aedfd30-e128-457c-924e-96ea652af623', NULL, NULL, false, true, 0, '2025-09-17 13:58:57.817914+00', '2025-09-17 13:59:18.533696+00'),
	('e29c412c-1647-4e9e-a5cc-8cf296ff1672', 'b2c85af0-e040-429b-ad0e-9de425dad88f', '9157b3c0-0dd4-4d8d-9cbf-852b997a81e8', '7aedfd30-e128-457c-924e-96ea652af623', NULL, NULL, false, true, 0, '2025-09-17 13:58:57.857666+00', '2025-09-17 13:59:18.58002+00'),
	('b231e908-ea16-4f0d-a2ad-aacefbb70b05', 'b2c85af0-e040-429b-ad0e-9de425dad88f', 'c24d0fe6-66a8-4448-b85a-8cf453f8e5ef', '8726c447-4afd-4495-8619-813617c8f0c4', NULL, NULL, false, true, 5, '2025-09-17 13:23:13.387393+00', '2025-09-17 13:58:54.788444+00'),
	('5c4a4b47-725d-4286-81e2-e954b6ff5a82', 'b2c85af0-e040-429b-ad0e-9de425dad88f', 'f75ca56f-1b41-4790-b51f-db03fcbc6019', '8726c447-4afd-4495-8619-813617c8f0c4', NULL, NULL, false, true, 5, '2025-09-17 13:23:13.45108+00', '2025-09-17 13:58:54.826351+00'),
	('1f8ef572-fa09-4198-9d71-e98c378b31ce', 'b2c85af0-e040-429b-ad0e-9de425dad88f', '008abe38-1643-4d0f-a363-2a16337d5d88', '8726c447-4afd-4495-8619-813617c8f0c4', NULL, NULL, false, true, 5, '2025-09-17 13:23:13.51565+00', '2025-09-17 13:58:54.875+00'),
	('76eda9e3-6c6d-413a-b5c2-736891d602ae', 'b2c85af0-e040-429b-ad0e-9de425dad88f', '110639f1-9c45-40f6-9a00-389b2032f903', '8726c447-4afd-4495-8619-813617c8f0c4', NULL, NULL, false, true, 5, '2025-09-17 13:23:13.563+00', '2025-09-17 13:58:54.919355+00'),
	('45c31e82-c710-4523-a5ad-05a6a00b889c', 'b2c85af0-e040-429b-ad0e-9de425dad88f', '0e12e99c-7afc-4c49-9af8-4ffe5e601186', '8726c447-4afd-4495-8619-813617c8f0c4', NULL, NULL, false, true, 5, '2025-09-17 13:23:13.62494+00', '2025-09-17 13:58:54.957879+00'),
	('07f9553a-e70a-433f-8eb8-662cba18c04a', 'b2c85af0-e040-429b-ad0e-9de425dad88f', '9157b3c0-0dd4-4d8d-9cbf-852b997a81e8', '8726c447-4afd-4495-8619-813617c8f0c4', NULL, NULL, false, true, 5, '2025-09-17 13:23:13.691323+00', '2025-09-17 13:58:55.02042+00'),
	('ad102519-4909-4159-8e84-7c7c43517442', 'b2c85af0-e040-429b-ad0e-9de425dad88f', '0c7dddc8-5826-4cb6-aa1f-05deb1a8567b', '8726c447-4afd-4495-8619-813617c8f0c4', NULL, NULL, false, true, 5, '2025-09-17 13:57:08.996377+00', '2025-09-17 13:58:55.065949+00'),
	('d3e7ffc4-41f6-405a-bab1-d819ec1a1f45', '22a75bb5-6c36-4e24-b0c5-9df15adbdb98', '9053530f-68c0-4351-a6d5-8736fe5a69a0', 'b4edd494-a1e3-4c9f-9e22-c856822c0f16', NULL, NULL, false, true, 2, '2025-09-27 23:49:18.817671+00', '2025-09-27 23:51:20.847378+00'),
	('84b8507d-8636-400c-858a-dd94bec15f38', '6fca434a-8476-4409-987b-29b8cb8590a3', '0e12e99c-7afc-4c49-9af8-4ffe5e601186', '71208d8c-06d7-4503-a6be-39db5c764ea4', NULL, NULL, false, true, 0, '2025-09-27 00:28:48.69781+00', '2025-09-27 00:29:17.615301+00'),
	('e933cbc0-6695-4b84-9eeb-756ac8e72d8d', '6fca434a-8476-4409-987b-29b8cb8590a3', '110639f1-9c45-40f6-9a00-389b2032f903', '71208d8c-06d7-4503-a6be-39db5c764ea4', NULL, NULL, false, true, 0, '2025-09-27 00:28:48.755399+00', '2025-09-27 00:29:17.655927+00'),
	('bc3750c4-e3c3-461e-8b21-882d1ab42af9', '6fca434a-8476-4409-987b-29b8cb8590a3', '30f6696e-c3fc-42f7-bf6c-5397deb845b4', '71208d8c-06d7-4503-a6be-39db5c764ea4', NULL, NULL, false, true, 0, '2025-09-27 00:28:48.824698+00', '2025-09-27 00:29:17.698439+00'),
	('c14b0614-77b1-47a8-b38c-0ad9f9891a0d', '6fca434a-8476-4409-987b-29b8cb8590a3', '35bcf347-e1ff-449d-857b-2c63593d4fca', '71208d8c-06d7-4503-a6be-39db5c764ea4', NULL, NULL, false, true, 0, '2025-09-27 00:28:48.879543+00', '2025-09-27 00:29:17.740251+00'),
	('4155e6d0-5497-49a8-97d9-eff7f975ce4c', 'af63e045-5a53-436c-9532-c8e538fa13c3', '008abe38-1643-4d0f-a363-2a16337d5d88', 'df50daf6-c0f5-4730-a507-5f400357ca14', NULL, NULL, false, true, 4, '2025-09-17 14:30:54.507984+00', '2025-09-17 14:41:28.585174+00'),
	('9c2f7e37-7334-4812-a074-ec46703eb49e', 'af63e045-5a53-436c-9532-c8e538fa13c3', '0e12e99c-7afc-4c49-9af8-4ffe5e601186', 'df50daf6-c0f5-4730-a507-5f400357ca14', NULL, NULL, false, true, 4, '2025-09-17 14:30:54.609525+00', '2025-09-17 14:41:28.647034+00'),
	('7b3628f2-9285-41cd-8777-d21d57957dde', 'af63e045-5a53-436c-9532-c8e538fa13c3', '110639f1-9c45-40f6-9a00-389b2032f903', 'df50daf6-c0f5-4730-a507-5f400357ca14', NULL, NULL, false, true, 4, '2025-09-17 14:30:54.560639+00', '2025-09-17 14:41:28.689938+00'),
	('a9cf4f98-181d-42cf-86ff-a20721ef86bf', 'af63e045-5a53-436c-9532-c8e538fa13c3', '30f6696e-c3fc-42f7-bf6c-5397deb845b4', 'df50daf6-c0f5-4730-a507-5f400357ca14', NULL, NULL, false, true, 4, '2025-09-17 14:30:54.725393+00', '2025-09-17 14:41:28.7281+00'),
	('53139378-b9c8-4a01-bbb5-2119415083c0', 'af63e045-5a53-436c-9532-c8e538fa13c3', '9157b3c0-0dd4-4d8d-9cbf-852b997a81e8', 'df50daf6-c0f5-4730-a507-5f400357ca14', NULL, 1, false, true, 4, '2025-09-17 14:30:54.668713+00', '2025-09-17 14:41:28.781099+00'),
	('a7be0e58-3438-49f5-ac4f-53257597e1b1', 'af63e045-5a53-436c-9532-c8e538fa13c3', 'c24d0fe6-66a8-4448-b85a-8cf453f8e5ef', 'df50daf6-c0f5-4730-a507-5f400357ca14', NULL, NULL, false, true, 4, '2025-09-17 14:30:54.399539+00', '2025-09-17 14:41:28.817058+00'),
	('6948ed5e-f51a-48a8-bcb6-2f3aa7aa9309', 'af63e045-5a53-436c-9532-c8e538fa13c3', 'f75ca56f-1b41-4790-b51f-db03fcbc6019', 'df50daf6-c0f5-4730-a507-5f400357ca14', NULL, NULL, false, true, 4, '2025-09-17 14:30:54.457899+00', '2025-09-17 14:41:28.866045+00'),
	('75251b6f-3113-4ef6-8444-92d74f1f9390', 'b2c85af0-e040-429b-ad0e-9de425dad88f', '0c7dddc8-5826-4cb6-aa1f-05deb1a8567b', '7aedfd30-e128-457c-924e-96ea652af623', NULL, NULL, false, true, 0, '2025-09-17 13:58:57.897975+00', '2025-09-17 13:59:18.614527+00'),
	('cade1e28-e8e0-46eb-bd55-b310b910d315', '42de9aae-ab4e-43af-99d2-6a14a78e747f', 'c24d0fe6-66a8-4448-b85a-8cf453f8e5ef', '33610e9a-d682-470a-bbb7-5baf796aa57f', NULL, NULL, false, true, 3, '2025-09-17 14:42:34.462921+00', '2025-09-17 14:46:00.415938+00'),
	('eea71b57-24f7-4056-9dfd-318d9db07f96', '42de9aae-ab4e-43af-99d2-6a14a78e747f', '24d7cfa3-46b3-450f-88d7-a489fff13f72', '33610e9a-d682-470a-bbb7-5baf796aa57f', NULL, NULL, false, true, 3, '2025-09-17 14:42:34.522824+00', '2025-09-17 14:46:00.455841+00'),
	('18a34a8d-16ff-4f2f-b5ec-f41fa6d46dc9', '42de9aae-ab4e-43af-99d2-6a14a78e747f', 'f75ca56f-1b41-4790-b51f-db03fcbc6019', '33610e9a-d682-470a-bbb7-5baf796aa57f', NULL, NULL, false, true, 3, '2025-09-17 14:42:34.565152+00', '2025-09-17 14:46:00.494607+00'),
	('68ce4cc3-b7cb-498a-bc76-2ec7785e1f9a', '42de9aae-ab4e-43af-99d2-6a14a78e747f', '110639f1-9c45-40f6-9a00-389b2032f903', '33610e9a-d682-470a-bbb7-5baf796aa57f', NULL, NULL, false, true, 3, '2025-09-17 14:42:34.609963+00', '2025-09-17 14:46:00.540163+00'),
	('156e0017-d466-4231-9944-acf7f4bfdcec', '42de9aae-ab4e-43af-99d2-6a14a78e747f', '0e12e99c-7afc-4c49-9af8-4ffe5e601186', '33610e9a-d682-470a-bbb7-5baf796aa57f', NULL, NULL, false, true, 3, '2025-09-17 14:42:34.654177+00', '2025-09-17 14:46:00.583355+00'),
	('7c6a8a5b-21d3-48f9-b462-6e36c995fac4', '42de9aae-ab4e-43af-99d2-6a14a78e747f', '9157b3c0-0dd4-4d8d-9cbf-852b997a81e8', '33610e9a-d682-470a-bbb7-5baf796aa57f', NULL, NULL, false, true, 3, '2025-09-17 14:42:34.694135+00', '2025-09-17 14:46:00.623042+00'),
	('eb9642b1-db82-4aae-a8bb-7f5b5c5cc001', '42de9aae-ab4e-43af-99d2-6a14a78e747f', 'b7547d3d-2509-4b29-aad3-76270891b4c6', '33610e9a-d682-470a-bbb7-5baf796aa57f', 2, NULL, false, true, 3, '2025-09-17 14:44:55.093325+00', '2025-09-17 14:46:00.668307+00'),
	('f6476d95-0ceb-461b-958d-cc861ba4c746', '42de9aae-ab4e-43af-99d2-6a14a78e747f', '0c7dddc8-5826-4cb6-aa1f-05deb1a8567b', '33610e9a-d682-470a-bbb7-5baf796aa57f', NULL, 2, false, false, 2, '2025-09-17 14:42:34.735593+00', '2025-09-17 14:44:55.049139+00'),
	('6a1f2bd0-08ef-48ae-babd-cce1ef992e55', '6fca434a-8476-4409-987b-29b8cb8590a3', '9053530f-68c0-4351-a6d5-8736fe5a69a0', '71208d8c-06d7-4503-a6be-39db5c764ea4', NULL, NULL, false, true, 0, '2025-09-27 00:28:48.926951+00', '2025-09-27 00:29:17.784451+00'),
	('5648d053-96fc-415f-ac06-ae5abfb03f65', '60a3669d-af74-48c4-a10b-40f99a3423f9', 'c24d0fe6-66a8-4448-b85a-8cf453f8e5ef', '9dc32f41-d9fb-41b3-91c0-3d1c514f6a73', NULL, NULL, false, true, 3, '2025-09-17 14:18:25.148295+00', '2025-09-17 14:21:29.095468+00'),
	('508a4b90-bf13-4c13-af33-076249a91551', '60a3669d-af74-48c4-a10b-40f99a3423f9', 'f75ca56f-1b41-4790-b51f-db03fcbc6019', '9dc32f41-d9fb-41b3-91c0-3d1c514f6a73', NULL, NULL, false, true, 3, '2025-09-17 14:18:25.195691+00', '2025-09-17 14:21:29.141915+00'),
	('cfea11dc-06bb-4cf2-b956-fcc2d14398e4', '60a3669d-af74-48c4-a10b-40f99a3423f9', '008abe38-1643-4d0f-a363-2a16337d5d88', '9dc32f41-d9fb-41b3-91c0-3d1c514f6a73', NULL, NULL, false, true, 3, '2025-09-17 14:18:25.233703+00', '2025-09-17 14:21:29.178198+00'),
	('7ab329cb-a954-4719-97a8-935c3d3ab96d', '60a3669d-af74-48c4-a10b-40f99a3423f9', '110639f1-9c45-40f6-9a00-389b2032f903', '9dc32f41-d9fb-41b3-91c0-3d1c514f6a73', NULL, NULL, false, true, 3, '2025-09-17 14:18:25.282653+00', '2025-09-17 14:21:29.214303+00'),
	('11021b1f-fd9a-4350-ad52-bebc888736d7', '60a3669d-af74-48c4-a10b-40f99a3423f9', '0e12e99c-7afc-4c49-9af8-4ffe5e601186', '9dc32f41-d9fb-41b3-91c0-3d1c514f6a73', NULL, NULL, false, true, 3, '2025-09-17 14:18:25.325148+00', '2025-09-17 14:21:29.252242+00'),
	('916dffec-15d2-49b9-93e0-d68561e62216', '60a3669d-af74-48c4-a10b-40f99a3423f9', '30f6696e-c3fc-42f7-bf6c-5397deb845b4', '9dc32f41-d9fb-41b3-91c0-3d1c514f6a73', NULL, NULL, false, true, 2, '2025-09-17 14:18:25.414586+00', '2025-09-17 14:20:25.392287+00'),
	('b9b0f8e5-dbfa-4eb4-b348-ebc855c6d977', '60a3669d-af74-48c4-a10b-40f99a3423f9', '9157b3c0-0dd4-4d8d-9cbf-852b997a81e8', '9dc32f41-d9fb-41b3-91c0-3d1c514f6a73', NULL, NULL, false, true, 3, '2025-09-17 14:18:25.360714+00', '2025-09-17 14:21:29.288046+00'),
	('30e09aab-3f39-4230-bb3d-0d7e73371539', '6fca434a-8476-4409-987b-29b8cb8590a3', 'c24d0fe6-66a8-4448-b85a-8cf453f8e5ef', '71208d8c-06d7-4503-a6be-39db5c764ea4', NULL, NULL, false, true, 0, '2025-09-27 00:28:48.979657+00', '2025-09-27 00:29:17.838723+00'),
	('6609d789-a4c6-4694-b930-fe62938faff3', '8108804e-9973-4918-abd5-b86bf1bada8d', 'c24d0fe6-66a8-4448-b85a-8cf453f8e5ef', 'dbe7fd7d-15d3-4355-8cca-6138d61e88ba', NULL, NULL, false, true, 0, '2025-09-25 12:35:23.164032+00', '2025-09-25 12:35:41.591849+00'),
	('c25555f5-6235-4eae-a520-aa5754febd76', '8108804e-9973-4918-abd5-b86bf1bada8d', 'f75ca56f-1b41-4790-b51f-db03fcbc6019', 'dbe7fd7d-15d3-4355-8cca-6138d61e88ba', NULL, NULL, false, true, 0, '2025-09-25 12:35:23.224576+00', '2025-09-25 12:35:41.635396+00'),
	('ff034bf3-c84e-459a-b686-bdaf818b8d24', '8108804e-9973-4918-abd5-b86bf1bada8d', '008abe38-1643-4d0f-a363-2a16337d5d88', 'dbe7fd7d-15d3-4355-8cca-6138d61e88ba', NULL, NULL, false, true, 0, '2025-09-25 12:35:22.749075+00', '2025-09-25 12:35:41.680005+00'),
	('e4e2e6e7-6ba1-4f5a-9aa6-bfb5f3e93249', '8108804e-9973-4918-abd5-b86bf1bada8d', '110639f1-9c45-40f6-9a00-389b2032f903', 'dbe7fd7d-15d3-4355-8cca-6138d61e88ba', NULL, NULL, false, true, 0, '2025-09-25 12:35:22.925025+00', '2025-09-25 12:35:41.749606+00'),
	('2ae6b976-cad1-4e3c-bd8d-272ee180816f', '8108804e-9973-4918-abd5-b86bf1bada8d', '0e12e99c-7afc-4c49-9af8-4ffe5e601186', 'dbe7fd7d-15d3-4355-8cca-6138d61e88ba', NULL, NULL, false, true, 0, '2025-09-25 12:35:22.845148+00', '2025-09-25 12:35:41.808786+00'),
	('e118cfd7-5e2f-413c-ac2c-9e6d1596d217', '60a3669d-af74-48c4-a10b-40f99a3423f9', '0c7dddc8-5826-4cb6-aa1f-05deb1a8567b', '9dc32f41-d9fb-41b3-91c0-3d1c514f6a73', NULL, NULL, false, true, 3, '2025-09-17 14:20:26.33198+00', '2025-09-17 14:21:29.331783+00'),
	('eb9666e5-f57f-4c1b-ad74-d4c895e44abd', '8108804e-9973-4918-abd5-b86bf1bada8d', '9157b3c0-0dd4-4d8d-9cbf-852b997a81e8', 'dbe7fd7d-15d3-4355-8cca-6138d61e88ba', NULL, NULL, false, true, 0, '2025-09-25 12:35:23.07014+00', '2025-09-25 12:35:41.874629+00'),
	('f4058958-c85b-45d4-9fd0-16b21cdd3b9b', '8108804e-9973-4918-abd5-b86bf1bada8d', '30f6696e-c3fc-42f7-bf6c-5397deb845b4', 'dbe7fd7d-15d3-4355-8cca-6138d61e88ba', NULL, NULL, false, true, 0, '2025-09-25 12:35:22.990577+00', '2025-09-25 12:35:41.927229+00'),
	('76bd5e2d-ab0f-4dac-b90c-383dc1710338', 'af63e045-5a53-436c-9532-c8e538fa13c3', '340b28ee-f946-4a43-aeed-89812402c82c', 'df50daf6-c0f5-4730-a507-5f400357ca14', 1, NULL, false, true, 1, '2025-09-17 14:32:10.530342+00', '2025-09-17 14:32:19.522658+00'),
	('f72042d6-ba09-48c3-8762-e0cf68ea3842', '6fca434a-8476-4409-987b-29b8cb8590a3', 'f75ca56f-1b41-4790-b51f-db03fcbc6019', '71208d8c-06d7-4503-a6be-39db5c764ea4', NULL, NULL, false, true, 0, '2025-09-27 00:28:49.049328+00', '2025-09-27 00:29:17.885249+00'),
	('0b689e8d-895c-4915-a6e6-ebd55751dd38', '22a75bb5-6c36-4e24-b0c5-9df15adbdb98', '9157b3c0-0dd4-4d8d-9cbf-852b997a81e8', 'b4edd494-a1e3-4c9f-9e22-c856822c0f16', NULL, NULL, false, true, 2, '2025-09-27 23:49:18.861115+00', '2025-09-27 23:51:20.898762+00'),
	('fda7e474-dabd-4665-8086-d016753ec36b', '22a75bb5-6c36-4e24-b0c5-9df15adbdb98', 'c24d0fe6-66a8-4448-b85a-8cf453f8e5ef', 'b4edd494-a1e3-4c9f-9e22-c856822c0f16', NULL, NULL, false, true, 2, '2025-09-27 23:49:18.907333+00', '2025-09-27 23:51:20.956377+00'),
	('d70a3783-df40-4a74-b873-2e90906fb75b', '22a75bb5-6c36-4e24-b0c5-9df15adbdb98', 'f75ca56f-1b41-4790-b51f-db03fcbc6019', 'b4edd494-a1e3-4c9f-9e22-c856822c0f16', NULL, NULL, false, true, 2, '2025-09-27 23:49:18.95903+00', '2025-09-27 23:51:21.00375+00'),
	('f4c3c0e4-3ab2-416f-b472-36c0b6db85f8', '22a75bb5-6c36-4e24-b0c5-9df15adbdb98', '0c7dddc8-5826-4cb6-aa1f-05deb1a8567b', 'b7bb992e-df02-439d-a815-0bf8731d381e', NULL, NULL, false, true, 0, '2025-09-27 23:51:23.475008+00', '2025-09-27 23:51:37.408091+00'),
	('4fdaa260-337b-498f-98bc-214def6e6dcd', '22a75bb5-6c36-4e24-b0c5-9df15adbdb98', '110639f1-9c45-40f6-9a00-389b2032f903', 'b7bb992e-df02-439d-a815-0bf8731d381e', NULL, NULL, false, true, 0, '2025-09-27 23:51:23.536603+00', '2025-09-27 23:51:37.460989+00'),
	('71595b9c-4324-471b-8713-8b9f41505a55', '22a75bb5-6c36-4e24-b0c5-9df15adbdb98', '35bcf347-e1ff-449d-857b-2c63593d4fca', 'b7bb992e-df02-439d-a815-0bf8731d381e', NULL, NULL, false, true, 0, '2025-09-27 23:51:23.580444+00', '2025-09-27 23:51:37.515636+00'),
	('4e0d1119-132f-4d2c-9dbd-229a89e5b380', '22a75bb5-6c36-4e24-b0c5-9df15adbdb98', 'c24d0fe6-66a8-4448-b85a-8cf453f8e5ef', 'b7bb992e-df02-439d-a815-0bf8731d381e', NULL, NULL, false, true, 0, '2025-09-27 23:51:23.715102+00', '2025-09-27 23:51:37.724098+00'),
	('c0f37f5d-ccca-45c4-84c6-90d87e0b8d14', '22a75bb5-6c36-4e24-b0c5-9df15adbdb98', '0c7dddc8-5826-4cb6-aa1f-05deb1a8567b', 'b4edd494-a1e3-4c9f-9e22-c856822c0f16', NULL, NULL, false, true, 2, '2025-09-27 23:49:18.660219+00', '2025-09-27 23:51:20.665797+00'),
	('88e6ddf8-45bf-4d20-abcf-996b3e9b8ff6', '22a75bb5-6c36-4e24-b0c5-9df15adbdb98', '110639f1-9c45-40f6-9a00-389b2032f903', 'b4edd494-a1e3-4c9f-9e22-c856822c0f16', NULL, NULL, false, true, 2, '2025-09-27 23:49:18.722821+00', '2025-09-27 23:51:20.720001+00'),
	('2b4408bc-4fad-4a44-8a02-d6b736eb1be8', '22a75bb5-6c36-4e24-b0c5-9df15adbdb98', '35bcf347-e1ff-449d-857b-2c63593d4fca', 'b4edd494-a1e3-4c9f-9e22-c856822c0f16', NULL, NULL, false, true, 2, '2025-09-27 23:49:18.770819+00', '2025-09-27 23:51:20.772245+00'),
	('07ca48bb-8faa-49d9-a6f5-df3869b97e26', '22a75bb5-6c36-4e24-b0c5-9df15adbdb98', 'f75ca56f-1b41-4790-b51f-db03fcbc6019', 'b7bb992e-df02-439d-a815-0bf8731d381e', NULL, NULL, false, true, 0, '2025-09-27 23:51:23.756397+00', '2025-09-27 23:51:37.776551+00'),
	('90c5271a-193a-4a16-961a-70091e52bf75', '22a75bb5-6c36-4e24-b0c5-9df15adbdb98', '9053530f-68c0-4351-a6d5-8736fe5a69a0', 'a30b7776-14d2-439e-aa30-81661f2c5695', NULL, NULL, false, true, 6, '2025-09-27 23:51:39.831315+00', '2025-09-28 00:00:38.819571+00'),
	('34de2ecc-ac6c-4d29-9d28-2c4f94bd96fc', '22a75bb5-6c36-4e24-b0c5-9df15adbdb98', '9053530f-68c0-4351-a6d5-8736fe5a69a0', 'b7bb992e-df02-439d-a815-0bf8731d381e', NULL, NULL, false, true, 0, '2025-09-27 23:51:23.626913+00', '2025-09-27 23:51:37.565233+00'),
	('e2af6eef-f280-4322-8c69-d89a03dd316c', '22a75bb5-6c36-4e24-b0c5-9df15adbdb98', '9157b3c0-0dd4-4d8d-9cbf-852b997a81e8', 'b7bb992e-df02-439d-a815-0bf8731d381e', NULL, NULL, false, true, 0, '2025-09-27 23:51:23.669703+00', '2025-09-27 23:51:37.664508+00'),
	('ebbb41f8-1bf6-42e5-999e-b208fb751a12', '22a75bb5-6c36-4e24-b0c5-9df15adbdb98', 'f75ca56f-1b41-4790-b51f-db03fcbc6019', 'a30b7776-14d2-439e-aa30-81661f2c5695', NULL, NULL, false, true, 6, '2025-09-27 23:51:39.972529+00', '2025-09-28 00:00:38.954976+00'),
	('db9aa02e-108a-4564-8afa-84c2b9b5dfcf', '22a75bb5-6c36-4e24-b0c5-9df15adbdb98', '35bcf347-e1ff-449d-857b-2c63593d4fca', 'a30b7776-14d2-439e-aa30-81661f2c5695', NULL, 3, false, true, 6, '2025-09-27 23:51:39.788254+00', '2025-09-28 00:00:38.779719+00'),
	('8ef9fb6a-52ad-489c-bb79-304c07771dd3', '22a75bb5-6c36-4e24-b0c5-9df15adbdb98', '0c7dddc8-5826-4cb6-aa1f-05deb1a8567b', 'a30b7776-14d2-439e-aa30-81661f2c5695', NULL, NULL, false, true, 6, '2025-09-27 23:51:39.660236+00', '2025-09-28 00:00:38.689307+00'),
	('45e02244-4519-434f-a76a-787a9ee3b699', '22a75bb5-6c36-4e24-b0c5-9df15adbdb98', 'c24d0fe6-66a8-4448-b85a-8cf453f8e5ef', 'a30b7776-14d2-439e-aa30-81661f2c5695', NULL, 5, false, true, 6, '2025-09-27 23:51:39.927616+00', '2025-09-28 00:00:38.910867+00'),
	('4ad11bce-8ba2-4c75-96f9-dd023a99f4ac', '22a75bb5-6c36-4e24-b0c5-9df15adbdb98', 'b7547d3d-2509-4b29-aad3-76270891b4c6', 'a30b7776-14d2-439e-aa30-81661f2c5695', 5, NULL, false, true, 7, '2025-09-27 23:54:32.098697+00', '2025-09-28 00:00:34.821983+00'),
	('f9884d29-182e-42fd-8f3f-303915bb4505', '22a75bb5-6c36-4e24-b0c5-9df15adbdb98', '9157b3c0-0dd4-4d8d-9cbf-852b997a81e8', 'a30b7776-14d2-439e-aa30-81661f2c5695', NULL, NULL, false, true, 6, '2025-09-27 23:51:39.881992+00', '2025-09-28 00:00:38.866079+00'),
	('25efd268-f0fd-4c28-bc3b-a3f1bddfb12e', '22a75bb5-6c36-4e24-b0c5-9df15adbdb98', '0e12e99c-7afc-4c49-9af8-4ffe5e601186', 'a30b7776-14d2-439e-aa30-81661f2c5695', 3, NULL, false, true, 4, '2025-09-27 23:54:49.219777+00', '2025-09-27 23:55:55.708064+00'),
	('2c0be766-d236-4f69-84c9-7fe0faf927d7', 'f70547f4-4bbc-4f71-97dd-f808795c060f', '0c7dddc8-5826-4cb6-aa1f-05deb1a8567b', '4ec8eebb-b665-4128-bc71-cb9d42eddcb7', NULL, NULL, false, true, 20, '2025-09-28 11:31:21.025409+00', '2025-09-28 11:56:38.122199+00'),
	('abf681e1-5bf3-4073-a485-6273d54c194c', 'f70547f4-4bbc-4f71-97dd-f808795c060f', '0e12e99c-7afc-4c49-9af8-4ffe5e601186', '4ec8eebb-b665-4128-bc71-cb9d42eddcb7', NULL, NULL, false, true, 20, '2025-09-28 11:31:21.104913+00', '2025-09-28 11:56:38.202092+00'),
	('a77bfa3e-f3bf-4343-a18a-236def655165', 'f70547f4-4bbc-4f71-97dd-f808795c060f', '110639f1-9c45-40f6-9a00-389b2032f903', '4ec8eebb-b665-4128-bc71-cb9d42eddcb7', NULL, NULL, false, true, 20, '2025-09-28 11:31:21.192711+00', '2025-09-28 11:56:38.28849+00'),
	('1b521c24-a12c-4b9d-9058-865e49fcf244', 'f70547f4-4bbc-4f71-97dd-f808795c060f', '30f6696e-c3fc-42f7-bf6c-5397deb845b4', '4ec8eebb-b665-4128-bc71-cb9d42eddcb7', NULL, NULL, false, true, 20, '2025-09-28 11:31:21.274741+00', '2025-09-28 11:56:38.3818+00'),
	('ab82e0f7-d81f-414d-ad14-c078dacbcdd3', 'f70547f4-4bbc-4f71-97dd-f808795c060f', '41cc160a-2786-4292-a496-27439ba9ffe2', '4ec8eebb-b665-4128-bc71-cb9d42eddcb7', NULL, NULL, false, true, 20, '2025-09-28 11:31:21.354847+00', '2025-09-28 11:56:38.460196+00'),
	('d4b14f81-00a0-413a-bcfa-2020bc4cc20b', 'f70547f4-4bbc-4f71-97dd-f808795c060f', 'f75ca56f-1b41-4790-b51f-db03fcbc6019', '4ec8eebb-b665-4128-bc71-cb9d42eddcb7', NULL, NULL, false, true, 20, '2025-09-28 11:31:21.437195+00', '2025-09-28 11:56:38.555395+00'),
	('68384d4a-2c31-45aa-bbea-ae39384661e6', 'b57ad2bd-197d-4bc2-8f3f-62d889c1a942', '008abe38-1643-4d0f-a363-2a16337d5d88', '21ce61b7-c45b-49c7-b72b-3b86a077148a', NULL, NULL, false, true, 52, '2025-09-29 22:47:25.053725+00', '2025-09-29 23:39:36.395215+00'),
	('610f3434-07a7-4483-ac2e-048488c4d42c', 'b57ad2bd-197d-4bc2-8f3f-62d889c1a942', '0c7dddc8-5826-4cb6-aa1f-05deb1a8567b', '21ce61b7-c45b-49c7-b72b-3b86a077148a', NULL, NULL, false, true, 52, '2025-09-29 22:47:25.124694+00', '2025-09-29 23:39:36.456063+00'),
	('6db02ad9-af45-4a04-b94f-7896bc6ea634', 'b57ad2bd-197d-4bc2-8f3f-62d889c1a942', '0e12e99c-7afc-4c49-9af8-4ffe5e601186', '21ce61b7-c45b-49c7-b72b-3b86a077148a', NULL, NULL, false, true, 52, '2025-09-29 22:47:25.176575+00', '2025-09-29 23:39:36.515226+00'),
	('65e92bb9-7143-4770-b003-f26960ec44ff', 'b57ad2bd-197d-4bc2-8f3f-62d889c1a942', '110639f1-9c45-40f6-9a00-389b2032f903', '21ce61b7-c45b-49c7-b72b-3b86a077148a', NULL, NULL, false, true, 52, '2025-09-29 22:47:25.230127+00', '2025-09-29 23:39:36.579585+00'),
	('e198abf2-3351-4f45-b9a2-f87bdf7d0f19', 'b57ad2bd-197d-4bc2-8f3f-62d889c1a942', '41cc160a-2786-4292-a496-27439ba9ffe2', '21ce61b7-c45b-49c7-b72b-3b86a077148a', NULL, NULL, false, true, 52, '2025-09-29 22:47:25.282173+00', '2025-09-29 23:39:36.640788+00'),
	('eee1ae7f-9ca0-40f2-a5f0-8813cedf1486', 'b57ad2bd-197d-4bc2-8f3f-62d889c1a942', '9157b3c0-0dd4-4d8d-9cbf-852b997a81e8', '21ce61b7-c45b-49c7-b72b-3b86a077148a', NULL, NULL, false, true, 52, '2025-09-29 22:47:25.337936+00', '2025-09-29 23:39:36.693497+00'),
	('c54db705-ffea-4edf-8d3f-d63b37f3f803', 'b57ad2bd-197d-4bc2-8f3f-62d889c1a942', 'b7547d3d-2509-4b29-aad3-76270891b4c6', '21ce61b7-c45b-49c7-b72b-3b86a077148a', NULL, 1, false, true, 52, '2025-09-29 22:47:25.384805+00', '2025-09-29 23:39:36.742321+00'),
	('110b0319-2dd9-4493-9e62-cf793a6820eb', '22a75bb5-6c36-4e24-b0c5-9df15adbdb98', '110639f1-9c45-40f6-9a00-389b2032f903', 'a30b7776-14d2-439e-aa30-81661f2c5695', NULL, NULL, false, true, 6, '2025-09-27 23:51:39.710252+00', '2025-09-28 00:00:38.727809+00'),
	('b3501fac-3d2c-4571-9aac-efa97ddb3947', 'c21511fc-5309-479d-8968-e92863ecfc9d', '008abe38-1643-4d0f-a363-2a16337d5d88', '45962055-6f1c-43f6-9b0a-2b792b5f47e7', NULL, NULL, false, true, 4, '2025-09-29 08:17:19.841082+00', '2025-09-29 08:22:08.96431+00'),
	('ae3d3b27-c31e-40d3-a72f-b474f9bd9740', 'c21511fc-5309-479d-8968-e92863ecfc9d', '0c7dddc8-5826-4cb6-aa1f-05deb1a8567b', '45962055-6f1c-43f6-9b0a-2b792b5f47e7', NULL, NULL, false, true, 4, '2025-09-29 08:17:19.999968+00', '2025-09-29 08:22:09.081057+00'),
	('442bf99c-6b9e-4976-a7af-a9e39cca8ed7', 'c21511fc-5309-479d-8968-e92863ecfc9d', '0e12e99c-7afc-4c49-9af8-4ffe5e601186', '45962055-6f1c-43f6-9b0a-2b792b5f47e7', NULL, NULL, false, true, 4, '2025-09-29 08:17:20.112126+00', '2025-09-29 08:22:09.19011+00'),
	('3546a0c5-27df-4660-a4a9-1d2c4edc5d31', 'c21511fc-5309-479d-8968-e92863ecfc9d', '110639f1-9c45-40f6-9a00-389b2032f903', '45962055-6f1c-43f6-9b0a-2b792b5f47e7', NULL, NULL, false, true, 4, '2025-09-29 08:17:20.262848+00', '2025-09-29 08:22:09.33592+00'),
	('a9ac3902-f976-4b2d-a996-aec4426dfa98', 'f70547f4-4bbc-4f71-97dd-f808795c060f', '008abe38-1643-4d0f-a363-2a16337d5d88', 'a718254e-ecd1-47af-bd39-e746bf6dc95c', NULL, NULL, false, true, 18, '2025-09-28 11:00:32.919201+00', '2025-09-28 11:27:58.256747+00'),
	('9e331255-2584-4e86-bf88-455f67a6538c', 'f70547f4-4bbc-4f71-97dd-f808795c060f', '0e12e99c-7afc-4c49-9af8-4ffe5e601186', 'a718254e-ecd1-47af-bd39-e746bf6dc95c', NULL, NULL, false, true, 18, '2025-09-28 11:00:33.098819+00', '2025-09-28 11:27:58.334863+00'),
	('c7b285e3-0a73-429a-83f6-21347c8274c4', 'f70547f4-4bbc-4f71-97dd-f808795c060f', '30f6696e-c3fc-42f7-bf6c-5397deb845b4', 'a718254e-ecd1-47af-bd39-e746bf6dc95c', 13, NULL, false, true, 18, '2025-09-28 11:20:23.359839+00', '2025-09-28 11:27:58.412689+00'),
	('d21704b8-1da8-4ec9-888d-bfc39b3023e4', 'f70547f4-4bbc-4f71-97dd-f808795c060f', '41cc160a-2786-4292-a496-27439ba9ffe2', 'a718254e-ecd1-47af-bd39-e746bf6dc95c', NULL, NULL, false, true, 18, '2025-09-28 11:00:33.269911+00', '2025-09-28 11:27:58.496655+00'),
	('aa17b046-0f05-48f1-9bcc-935d92fdf3f9', 'c21511fc-5309-479d-8968-e92863ecfc9d', '41cc160a-2786-4292-a496-27439ba9ffe2', '45962055-6f1c-43f6-9b0a-2b792b5f47e7', NULL, NULL, false, true, 4, '2025-09-29 08:17:20.372005+00', '2025-09-29 08:22:09.502052+00'),
	('aede72e8-c3e9-4ee8-ac89-f6ff5522fa7f', 'c21511fc-5309-479d-8968-e92863ecfc9d', '9157b3c0-0dd4-4d8d-9cbf-852b997a81e8', '45962055-6f1c-43f6-9b0a-2b792b5f47e7', NULL, NULL, false, true, 4, '2025-09-29 08:17:20.507223+00', '2025-09-29 08:22:09.592784+00'),
	('f5c28130-57de-43ea-9f2d-9ea329720b10', 'f70547f4-4bbc-4f71-97dd-f808795c060f', 'f75ca56f-1b41-4790-b51f-db03fcbc6019', 'a718254e-ecd1-47af-bd39-e746bf6dc95c', 14, NULL, false, true, 18, '2025-09-28 11:21:04.986168+00', '2025-09-28 11:27:58.734917+00'),
	('e8d37518-6397-4750-854a-1ad2a9f9ae2e', 'f70547f4-4bbc-4f71-97dd-f808795c060f', 'b7547d3d-2509-4b29-aad3-76270891b4c6', 'a718254e-ecd1-47af-bd39-e746bf6dc95c', NULL, 18, false, false, 18, '2025-09-28 11:00:33.427685+00', '2025-09-28 11:30:32.072409+00'),
	('ea8e7506-0b3c-42b2-abb6-6db621f2660e', 'f70547f4-4bbc-4f71-97dd-f808795c060f', '0c7dddc8-5826-4cb6-aa1f-05deb1a8567b', 'a718254e-ecd1-47af-bd39-e746bf6dc95c', 18, 14, false, true, 0, '2025-09-28 11:00:33.016634+00', '2025-09-28 11:30:32.174813+00'),
	('81a16836-fc4e-4c5a-bcd4-86e5f5c0d8c8', 'f70547f4-4bbc-4f71-97dd-f808795c060f', '9157b3c0-0dd4-4d8d-9cbf-852b997a81e8', 'a718254e-ecd1-47af-bd39-e746bf6dc95c', NULL, 18, false, false, 18, '2025-09-28 11:00:33.346869+00', '2025-09-28 11:30:45.651035+00'),
	('c0b7a0f3-7d0a-4d2a-b865-159bc9a04de8', 'f70547f4-4bbc-4f71-97dd-f808795c060f', '110639f1-9c45-40f6-9a00-389b2032f903', 'a718254e-ecd1-47af-bd39-e746bf6dc95c', 18, 13, false, true, 0, '2025-09-28 11:00:33.189598+00', '2025-09-28 11:30:45.730385+00'),
	('247816da-56e1-4926-aced-08b2e62466cc', 'c21511fc-5309-479d-8968-e92863ecfc9d', 'b7547d3d-2509-4b29-aad3-76270891b4c6', '45962055-6f1c-43f6-9b0a-2b792b5f47e7', NULL, NULL, false, true, 4, '2025-09-29 08:17:20.637287+00', '2025-09-29 08:22:09.699326+00'),
	('8c5844a6-2fdb-4fd2-944c-c8abbd75a87b', 'f70547f4-4bbc-4f71-97dd-f808795c060f', '008abe38-1643-4d0f-a363-2a16337d5d88', '4ec8eebb-b665-4128-bc71-cb9d42eddcb7', NULL, NULL, false, true, 20, '2025-09-28 11:31:20.931542+00', '2025-09-28 11:56:38.039379+00'),
	('9199ea30-c3b8-40ca-972b-4e4a0adae0e3', 'b57ad2bd-197d-4bc2-8f3f-62d889c1a942', '56d82f9c-37b2-498d-92cd-f9eee715f5ac', '21ce61b7-c45b-49c7-b72b-3b86a077148a', 1, NULL, false, true, 2, '2025-09-29 22:48:26.320129+00', '2025-09-29 22:49:42.139419+00');


--
-- Data for Name: profiles; Type: TABLE DATA; Schema: public; Owner: postgres
--

INSERT INTO "public"."profiles" ("id", "user_id", "first_name", "last_name", "email", "created_at", "updated_at") VALUES
	('7e483d47-4506-45c2-86c3-bbaf323ff7d1', '325adbc9-2098-4ea5-8e2b-dbb19405a735', 'Test', 'Account', 'tom.lavin@gmail.com', '2025-09-17 21:46:58.07844+00', '2025-09-17 21:46:58.07844+00');


--
-- Data for Name: team_players; Type: TABLE DATA; Schema: public; Owner: postgres
--

INSERT INTO "public"."team_players" ("id", "team_id", "player_id", "created_at") VALUES
	('915bac91-44c2-4c92-99a2-bd1cf76d1bdf', 'e3cb7a04-3e3c-4b9a-bc6d-48f07d1e82b3', '0c7dddc8-5826-4cb6-aa1f-05deb1a8567b', '2025-08-30 00:06:38.67967+00'),
	('db37b9c4-a2fe-4e4c-a9f5-2fc5d77a0c10', 'e3cb7a04-3e3c-4b9a-bc6d-48f07d1e82b3', '35bcf347-e1ff-449d-857b-2c63593d4fca', '2025-08-30 00:06:42.32589+00'),
	('b4ad1f63-407d-4fa9-a558-19cbe0436c71', 'e3cb7a04-3e3c-4b9a-bc6d-48f07d1e82b3', '9157b3c0-0dd4-4d8d-9cbf-852b997a81e8', '2025-08-30 00:06:46.460262+00'),
	('3215ae92-c469-478e-9afd-8f8f89e4e3d6', 'e3cb7a04-3e3c-4b9a-bc6d-48f07d1e82b3', '30f6696e-c3fc-42f7-bf6c-5397deb845b4', '2025-08-30 00:06:49.316687+00'),
	('a8b50c23-a178-470b-9b5d-293b4e705350', 'e3cb7a04-3e3c-4b9a-bc6d-48f07d1e82b3', '008abe38-1643-4d0f-a363-2a16337d5d88', '2025-08-30 00:06:52.64961+00'),
	('1bca6e24-7cb5-42d5-95f9-7c6ab19f4f98', 'e3cb7a04-3e3c-4b9a-bc6d-48f07d1e82b3', 'f75ca56f-1b41-4790-b51f-db03fcbc6019', '2025-08-30 00:06:55.310835+00'),
	('e37bb9d3-fc2b-4349-b7c9-5f5e7653707c', 'e3cb7a04-3e3c-4b9a-bc6d-48f07d1e82b3', 'c24d0fe6-66a8-4448-b85a-8cf453f8e5ef', '2025-08-30 00:06:58.513773+00'),
	('9844de19-c1fa-4e68-8c0e-29c3c3c80eb9', 'e3cb7a04-3e3c-4b9a-bc6d-48f07d1e82b3', '56d82f9c-37b2-498d-92cd-f9eee715f5ac', '2025-08-30 00:07:01.61597+00'),
	('65ba3505-e285-4c76-a1f6-5afad47c6fa5', 'e3cb7a04-3e3c-4b9a-bc6d-48f07d1e82b3', '110639f1-9c45-40f6-9a00-389b2032f903', '2025-08-30 00:07:04.429944+00'),
	('a64c200a-bde3-4e41-81d8-048f2b448735', 'e3cb7a04-3e3c-4b9a-bc6d-48f07d1e82b3', '340b28ee-f946-4a43-aeed-89812402c82c', '2025-08-30 00:07:08.303439+00'),
	('7140410c-7c52-4d41-83c8-abee3e4451a4', 'e3cb7a04-3e3c-4b9a-bc6d-48f07d1e82b3', '0e12e99c-7afc-4c49-9af8-4ffe5e601186', '2025-08-30 00:07:11.930108+00'),
	('83a38767-6082-47ea-ac2b-1d7bfa3b2e4a', 'e3cb7a04-3e3c-4b9a-bc6d-48f07d1e82b3', 'b7547d3d-2509-4b29-aad3-76270891b4c6', '2025-08-30 09:22:37.359523+00'),
	('4502b922-8cd4-4551-855d-c579c9a8450c', 'e3cb7a04-3e3c-4b9a-bc6d-48f07d1e82b3', 'a2e8558e-f16c-429e-ada2-84bb22b18c4a', '2025-09-05 16:59:27.76667+00'),
	('3efedefa-9063-4086-b843-1c53d47c3e4d', 'e3cb7a04-3e3c-4b9a-bc6d-48f07d1e82b3', '41cc160a-2786-4292-a496-27439ba9ffe2', '2025-09-05 20:48:21.069094+00'),
	('2d378eb4-4165-4953-a7a4-429de477347e', '07cbb873-09ef-4d46-bc1e-8764c252385e', 'a2e8558e-f16c-429e-ada2-84bb22b18c4a', '2025-09-11 22:11:18.558018+00'),
	('aac6b580-4c24-41ed-bbd5-54447df3ad92', '07cbb873-09ef-4d46-bc1e-8764c252385e', '41cc160a-2786-4292-a496-27439ba9ffe2', '2025-09-11 22:11:18.558018+00'),
	('606e8df3-2198-4ef8-972b-97f707914f1d', '07cbb873-09ef-4d46-bc1e-8764c252385e', 'b7547d3d-2509-4b29-aad3-76270891b4c6', '2025-09-11 22:11:18.558018+00'),
	('fd2a114c-ec69-47ed-8d41-7d6b7cc00486', '07cbb873-09ef-4d46-bc1e-8764c252385e', '0c7dddc8-5826-4cb6-aa1f-05deb1a8567b', '2025-09-11 22:11:18.558018+00'),
	('71edd6be-b2cc-4fbe-98e5-e665b90f9dd2', '07cbb873-09ef-4d46-bc1e-8764c252385e', '35bcf347-e1ff-449d-857b-2c63593d4fca', '2025-09-11 22:11:18.558018+00'),
	('015ab4fd-431b-45af-bfa4-983585938244', '07cbb873-09ef-4d46-bc1e-8764c252385e', '9157b3c0-0dd4-4d8d-9cbf-852b997a81e8', '2025-09-11 22:11:18.558018+00'),
	('7641e672-25b2-4db6-9acf-e5f79befdda1', '07cbb873-09ef-4d46-bc1e-8764c252385e', '30f6696e-c3fc-42f7-bf6c-5397deb845b4', '2025-09-11 22:11:18.558018+00'),
	('8865dd79-13d0-4b9b-ab1f-331489bc2bf2', '07cbb873-09ef-4d46-bc1e-8764c252385e', 'f75ca56f-1b41-4790-b51f-db03fcbc6019', '2025-09-11 22:11:18.558018+00'),
	('ee510bc5-6cd5-4812-bac1-fa9edcb832b0', '07cbb873-09ef-4d46-bc1e-8764c252385e', 'c24d0fe6-66a8-4448-b85a-8cf453f8e5ef', '2025-09-11 22:11:18.558018+00'),
	('f26f0cfd-563d-4095-8a4c-a10580daa370', '07cbb873-09ef-4d46-bc1e-8764c252385e', '56d82f9c-37b2-498d-92cd-f9eee715f5ac', '2025-09-11 22:11:18.558018+00'),
	('6afaf36c-7abb-4f35-a7b7-0ebcf6821d61', '07cbb873-09ef-4d46-bc1e-8764c252385e', '110639f1-9c45-40f6-9a00-389b2032f903', '2025-09-11 22:11:18.558018+00'),
	('d489ef23-c050-4961-be1a-7a06b403386a', '07cbb873-09ef-4d46-bc1e-8764c252385e', '340b28ee-f946-4a43-aeed-89812402c82c', '2025-09-11 22:11:18.558018+00'),
	('c64c38b1-446d-4011-9d4e-1e9af479b068', '07cbb873-09ef-4d46-bc1e-8764c252385e', '0e12e99c-7afc-4c49-9af8-4ffe5e601186', '2025-09-11 22:11:18.558018+00'),
	('16ae1039-a47c-4955-a910-292abef26813', '07cbb873-09ef-4d46-bc1e-8764c252385e', '24d7cfa3-46b3-450f-88d7-a489fff13f72', '2025-09-11 22:11:47.040903+00'),
	('8142ad64-36ae-4179-8eaa-fae24dcd3530', '2f7fe562-76d8-46fa-bbd5-2f443c169368', 'e5a16faf-ad90-41ed-9ef1-6db52c3761c9', '2025-09-14 09:29:56.961103+00'),
	('f882a52a-4e1b-46d6-9d64-4185b9f1a1c6', '2f7fe562-76d8-46fa-bbd5-2f443c169368', 'df301822-c68e-4ee8-b377-bdba9597f835', '2025-09-14 09:30:07.673438+00'),
	('b7b337cc-37df-4ca6-b844-80d6b59bd716', '2f7fe562-76d8-46fa-bbd5-2f443c169368', '79588be8-6351-4161-9033-34ced69ce7d4', '2025-09-14 09:30:23.178418+00'),
	('08d3ff4e-e3b9-42b7-8e5d-5aa85f2666fd', '2f7fe562-76d8-46fa-bbd5-2f443c169368', '70e3714f-b17c-4ab8-b849-d157263fbe30', '2025-09-14 09:30:38.68223+00'),
	('9a869176-b7c7-4f84-855f-77670778fe7a', '2f7fe562-76d8-46fa-bbd5-2f443c169368', 'a5176e3e-8a44-401b-891d-52cf4a3b48b9', '2025-09-14 09:30:50.643069+00'),
	('bb82b617-38bc-44c4-8813-e5fce933d9dc', '2f7fe562-76d8-46fa-bbd5-2f443c169368', '0e7bc6a8-d743-4d98-b29d-8926bc68eb31', '2025-09-14 09:31:02.615145+00'),
	('8c144d6a-2359-4b8a-b37d-8bac06814e08', '2f7fe562-76d8-46fa-bbd5-2f443c169368', '84df5cd6-daba-4ff2-8f35-9e6b0e6c000e', '2025-09-14 09:31:50.059111+00'),
	('ec1c3e34-c60a-4784-8849-fc1c4260199f', '2f7fe562-76d8-46fa-bbd5-2f443c169368', '2316be21-57fd-48d8-b35f-1ced847bfaca', '2025-09-14 09:32:00.622666+00'),
	('854d70af-04fc-42f4-a68a-28b4dc91886d', '2f7fe562-76d8-46fa-bbd5-2f443c169368', '30f6696e-c3fc-42f7-bf6c-5397deb845b4', '2025-09-14 09:32:24.566841+00'),
	('c2474c46-2eec-4bd4-bb30-194a9a152c40', '07cbb873-09ef-4d46-bc1e-8764c252385e', '9053530f-68c0-4351-a6d5-8736fe5a69a0', '2025-09-27 00:27:08.112583+00');


--
-- PostgreSQL database dump complete
--

-- \unrestrict ZJ4w3DrtEaddEVagF6WHuGePwde9f5iA9n1UCSKGwTYEAxUXDxtqeXQnEA0fBdp

RESET ALL;
